{"engineId":"7f2d920d-ddcd-4294-82ab-379ae2e4a63b","engineName":"Demo Tracking","rdbmsId":"cae688d4-2fa4-4f79-8da4-4daa2dc85dae","varstore":{},"frames":[],"panels":[{"panelId":"0","panelLabel":null,"view":"form-builder","viewOptions":"{\"json\":{\"css\":[],\"data\":{\"Opportunity_Name\":{\"dependsOn\":[],\"autoPopulate\":false,\"defaultValue\":\"\",\"options\":[],\"name\":\"Opportunity_Name\",\"config\":{\"app\":{\"value\":\"Demo Tracking\"},\"table\":\"DEMO_TABLE\"},\"pixel\":\"Database( database=[\\\"Demo Tracking\\\"] )|Select(DEMO_TABLE__Opportunity_Name).as([Opportunity_Name])| Collect(-1);\",\"required\":true},\"DemoID\":{\"dependsOn\":[],\"autoPopulate\":false,\"defaultValue\":\"\",\"options\":[],\"name\":\"DemoID\",\"config\":{\"app\":{\"value\":\"Demo Tracking\"},\"table\":\"DEMO_TABLE\"},\"pixel\":\"Database( database=[\\\"Demo Tracking\\\"] )|Select(DEMO_TABLE__DemoID).as([DemoID])| Collect(-1);\",\"required\":true},\"Secondary_Presenter\":{\"dependsOn\":[],\"autoPopulate\":false,\"defaultValue\":\"\",\"options\":[],\"name\":\"Secondary_Presenter\",\"config\":{\"app\":{\"value\":\"Demo Tracking\"},\"table\":\"DEMO_TABLE\"},\"pixel\":\"Database( database=[\\\"Demo Tracking\\\"] )|Select(DEMO_TABLE__Secondary_Presenter).as([Secondary_Presenter])| Collect(-1);\",\"required\":true},\"Demo_Name\":{\"dependsOn\":[],\"autoPopulate\":false,\"defaultValue\":\"\",\"options\":[],\"name\":\"Demo_Name\",\"config\":{\"app\":{\"value\":\"Demo Tracking\"},\"table\":\"DEMO_TABLE\"},\"pixel\":\"Database( database=[\\\"Demo Tracking\\\"] )|Select(DEMO_TABLE__Demo_Name).as([Demo_Name])| Collect(-1);\",\"required\":true},\"Scheduled_Date\":{\"dependsOn\":[],\"autoPopulate\":false,\"defaultValue\":\"\",\"options\":[],\"name\":\"Scheduled_Date\",\"config\":{\"app\":{\"value\":\"Demo Tracking\"},\"table\":\"DEMO_TABLE\"},\"pixel\":\"\",\"required\":true},\"End_Time\":{\"dependsOn\":[],\"autoPopulate\":false,\"defaultValue\":\"\",\"options\":[],\"name\":\"End_Time\",\"config\":{\"app\":{\"value\":\"Demo Tracking\"},\"table\":\"DEMO_TABLE\"},\"pixel\":\"Database( database=[\\\"Demo Tracking\\\"] )|Select(DEMO_TABLE__End_Time).as([End_Time])| Collect(-1);\",\"required\":true},\"Start_Time\":{\"dependsOn\":[],\"autoPopulate\":false,\"defaultValue\":\"\",\"options\":[],\"name\":\"Start_Time\",\"config\":{\"app\":{\"value\":\"Demo Tracking\"},\"table\":\"DEMO_TABLE\"},\"pixel\":\"Database( database=[\\\"Demo Tracking\\\"] )|Select(DEMO_TABLE__Start_Time).as([Start_Time])| Collect(-1);\",\"required\":true},\"Presenter\":{\"dependsOn\":[],\"autoPopulate\":false,\"defaultValue\":\"\",\"options\":[],\"name\":\"Presenter\",\"config\":{\"app\":{\"value\":\"Demo Tracking\"},\"table\":\"DEMO_TABLE\"},\"pixel\":\"Database( database=[\\\"Demo Tracking\\\"] )|Select(DEMO_TABLE__Presenter).as([Presenter])| Collect(-1);\",\"required\":true},\"Internal_POC\":{\"dependsOn\":[],\"autoPopulate\":false,\"defaultValue\":\"\",\"options\":[],\"name\":\"Internal_POC\",\"config\":{\"app\":{\"value\":\"Demo Tracking\"},\"table\":\"DEMO_TABLE\"},\"pixel\":\"Database( database=[\\\"Demo Tracking\\\"] )|Select(DEMO_TABLE__Internal_POC).as([Internal_POC])| Collect(-1);\",\"required\":true},\"Virtual_Person\":{\"dependsOn\":[],\"autoPopulate\":false,\"defaultValue\":\"\",\"options\":[],\"name\":\"Virtual_Person\",\"config\":{\"app\":{\"value\":\"Demo Tracking\"},\"table\":\"DEMO_TABLE\"},\"pixel\":\"Database( database=[\\\"Demo Tracking\\\"] )|Select(DEMO_TABLE__Virtual_Person).as([Virtual_Person])| Collect(-1);\",\"required\":true},\"Demo_Status\":{\"dependsOn\":[],\"autoPopulate\":false,\"defaultValue\":\"\",\"options\":[],\"name\":\"Demo_Status\",\"config\":{\"app\":{\"value\":\"Demo Tracking\"},\"table\":\"DEMO_TABLE\"},\"pixel\":\"Database( database=[\\\"Demo Tracking\\\"] )|Select(DEMO_TABLE__Demo_Status).as([Demo_Status])| Collect(-1);\",\"required\":true},\"Location\":{\"dependsOn\":[],\"autoPopulate\":false,\"defaultValue\":\"\",\"options\":[],\"name\":\"Location\",\"config\":{\"app\":{\"value\":\"Demo Tracking\"},\"table\":\"DEMO_TABLE\"},\"pixel\":\"Database( database=[\\\"Demo Tracking\\\"] )|Select(DEMO_TABLE__Location).as([Location])| Collect(-1);\",\"required\":true}},\"js\":[],\"html\":\"<div smss-form-model=\\\"DemoID\\\">{{item.model}}</div>\\\\n <smss-input ng-model=\\\"item.selected\\\"></smss-input>\\\\n<div smss-form-model=\\\"Demo_Name\\\">{{item.model}}</div>\\\\n <smss-input ng-model=\\\"item.selected\\\"></smss-input>\\\\n<div smss-form-model=\\\"Presenter\\\">{{item.model}}</div>\\\\n <smss-input ng-model=\\\"item.selected\\\"></smss-input>\\\\n<div smss-form-model=\\\"Secondary_Presenter\\\">{{item.model}}</div>\\\\n <smss-input ng-model=\\\"item.selected\\\"></smss-input>\\\\n<div smss-form-model=\\\"Scheduled_Date\\\">{{item.model}}</div>\\\\n <smss-input ng-model=\\\"item.selected\\\"></smss-input>\\\\n<div class=\\\"smss-form-group__description\\\">Please enter a date (yyyy-mm-dd)</div>\\\\n<div smss-form-model=\\\"Start_Time\\\">{{item.model}}</div>\\\\n <smss-input ng-model=\\\"item.selected\\\"></smss-input>\\\\n<div smss-form-model=\\\"End_Time\\\">{{item.model}}</div>\\\\n <smss-input ng-model=\\\"item.selected\\\"></smss-input>\\\\n<div smss-form-model=\\\"Internal_POC\\\">{{item.model}}</div>\\\\n <smss-input ng-model=\\\"item.selected\\\"></smss-input>\\\\n<div smss-form-model=\\\"Demo_Status\\\">{{item.model}}</div>\\\\n <smss-input ng-model=\\\"item.selected\\\"></smss-input>\\\\n<div smss-form-model=\\\"Opportunity_Name\\\">{{item.model}}</div>\\\\n <smss-input ng-model=\\\"item.selected\\\"></smss-input>\\\\n<div smss-form-model=\\\"Virtual_Person\\\">{{item.model}}</div>\\\\n <smss-input ng-model=\\\"item.selected\\\"></smss-input>\\\\n<div smss-form-model=\\\"Location\\\">{{item.model}}</div>\\\\n <smss-input ng-model=\\\"item.selected\\\"></smss-input>\\\\n<div smss-form-model=\\\"Submit\\\" class=\\\"form-builder__submit\\\"><smss-btn class=\\\"smss-btn--primary\\\" ng-click=\\\"form.runPixel(form.pixelModel.Insert.pixel)\\\">{{item.model}}</smss-btn></div>\\\\n\",\"pixel\":{\"Insert\":{\"name\":\"Insert\",\"pixel\":\"Database(database=[\\\"Demo Tracking\\\"]) | Insert (into=[DEMO_TABLE__DemoID,DEMO_TABLE__Demo_Name,DEMO_TABLE__Presenter,DEMO_TABLE__Secondary_Presenter,DEMO_TABLE__Scheduled_Date,DEMO_TABLE__Start_Time,DEMO_TABLE__End_Time,DEMO_TABLE__Internal_POC,DEMO_TABLE__Demo_Status,DEMO_TABLE__Opportunity_Name,DEMO_TABLE__Virtual_Person,DEMO_TABLE__Location], values=[ (<DemoID>), (<Demo_Name>), (<Presenter>), (<Secondary_Presenter>), (<Scheduled_Date>), (<Start_Time>), (<End_Time>), (<Internal_POC>), (<Demo_Status>), (<Opportunity_Name>), (<Virtual_Person>), (<Location>)]);\"}}}}","viewOptionsMap":{"form-builder":{"json":{"css":[],"data":{"Opportunity_Name":{"dependsOn":[],"autoPopulate":false,"defaultValue":"","options":[],"name":"Opportunity_Name","config":{"app":{"value":"Demo Tracking"},"table":"DEMO_TABLE"},"pixel":"Database( database=[\"Demo Tracking\"] )|Select(DEMO_TABLE__Opportunity_Name).as([Opportunity_Name])| Collect(-1);","required":true},"DemoID":{"dependsOn":[],"autoPopulate":false,"defaultValue":"","options":[],"name":"DemoID","config":{"app":{"value":"Demo Tracking"},"table":"DEMO_TABLE"},"pixel":"Database( database=[\"Demo Tracking\"] )|Select(DEMO_TABLE__DemoID).as([DemoID])| Collect(-1);","required":true},"Secondary_Presenter":{"dependsOn":[],"autoPopulate":false,"defaultValue":"","options":[],"name":"Secondary_Presenter","config":{"app":{"value":"Demo Tracking"},"table":"DEMO_TABLE"},"pixel":"Database( database=[\"Demo Tracking\"] )|Select(DEMO_TABLE__Secondary_Presenter).as([Secondary_Presenter])| Collect(-1);","required":true},"Demo_Name":{"dependsOn":[],"autoPopulate":false,"defaultValue":"","options":[],"name":"Demo_Name","config":{"app":{"value":"Demo Tracking"},"table":"DEMO_TABLE"},"pixel":"Database( database=[\"Demo Tracking\"] )|Select(DEMO_TABLE__Demo_Name).as([Demo_Name])| Collect(-1);","required":true},"Scheduled_Date":{"dependsOn":[],"autoPopulate":false,"defaultValue":"","options":[],"name":"Scheduled_Date","config":{"app":{"value":"Demo Tracking"},"table":"DEMO_TABLE"},"pixel":"","required":true},"End_Time":{"dependsOn":[],"autoPopulate":false,"defaultValue":"","options":[],"name":"End_Time","config":{"app":{"value":"Demo Tracking"},"table":"DEMO_TABLE"},"pixel":"Database( database=[\"Demo Tracking\"] )|Select(DEMO_TABLE__End_Time).as([End_Time])| Collect(-1);","required":true},"Start_Time":{"dependsOn":[],"autoPopulate":false,"defaultValue":"","options":[],"name":"Start_Time","config":{"app":{"value":"Demo Tracking"},"table":"DEMO_TABLE"},"pixel":"Database( database=[\"Demo Tracking\"] )|Select(DEMO_TABLE__Start_Time).as([Start_Time])| Collect(-1);","required":true},"Presenter":{"dependsOn":[],"autoPopulate":false,"defaultValue":"","options":[],"name":"Presenter","config":{"app":{"value":"Demo Tracking"},"table":"DEMO_TABLE"},"pixel":"Database( database=[\"Demo Tracking\"] )|Select(DEMO_TABLE__Presenter).as([Presenter])| Collect(-1);","required":true},"Internal_POC":{"dependsOn":[],"autoPopulate":false,"defaultValue":"","options":[],"name":"Internal_POC","config":{"app":{"value":"Demo Tracking"},"table":"DEMO_TABLE"},"pixel":"Database( database=[\"Demo Tracking\"] )|Select(DEMO_TABLE__Internal_POC).as([Internal_POC])| Collect(-1);","required":true},"Virtual_Person":{"dependsOn":[],"autoPopulate":false,"defaultValue":"","options":[],"name":"Virtual_Person","config":{"app":{"value":"Demo Tracking"},"table":"DEMO_TABLE"},"pixel":"Database( database=[\"Demo Tracking\"] )|Select(DEMO_TABLE__Virtual_Person).as([Virtual_Person])| Collect(-1);","required":true},"Demo_Status":{"dependsOn":[],"autoPopulate":false,"defaultValue":"","options":[],"name":"Demo_Status","config":{"app":{"value":"Demo Tracking"},"table":"DEMO_TABLE"},"pixel":"Database( database=[\"Demo Tracking\"] )|Select(DEMO_TABLE__Demo_Status).as([Demo_Status])| Collect(-1);","required":true},"Location":{"dependsOn":[],"autoPopulate":false,"defaultValue":"","options":[],"name":"Location","config":{"app":{"value":"Demo Tracking"},"table":"DEMO_TABLE"},"pixel":"Database( database=[\"Demo Tracking\"] )|Select(DEMO_TABLE__Location).as([Location])| Collect(-1);","required":true}},"js":[],"html":"<div smss-form-model=\"DemoID\">{{item.model}}</div>\\n <smss-input ng-model=\"item.selected\"></smss-input>\\n<div smss-form-model=\"Demo_Name\">{{item.model}}</div>\\n <smss-input ng-model=\"item.selected\"></smss-input>\\n<div smss-form-model=\"Presenter\">{{item.model}}</div>\\n <smss-input ng-model=\"item.selected\"></smss-input>\\n<div smss-form-model=\"Secondary_Presenter\">{{item.model}}</div>\\n <smss-input ng-model=\"item.selected\"></smss-input>\\n<div smss-form-model=\"Scheduled_Date\">{{item.model}}</div>\\n <smss-input ng-model=\"item.selected\"></smss-input>\\n<div class=\"smss-form-group__description\">Please enter a date (yyyy-mm-dd)</div>\\n<div smss-form-model=\"Start_Time\">{{item.model}}</div>\\n <smss-input ng-model=\"item.selected\"></smss-input>\\n<div smss-form-model=\"End_Time\">{{item.model}}</div>\\n <smss-input ng-model=\"item.selected\"></smss-input>\\n<div smss-form-model=\"Internal_POC\">{{item.model}}</div>\\n <smss-input ng-model=\"item.selected\"></smss-input>\\n<div smss-form-model=\"Demo_Status\">{{item.model}}</div>\\n <smss-input ng-model=\"item.selected\"></smss-input>\\n<div smss-form-model=\"Opportunity_Name\">{{item.model}}</div>\\n <smss-input ng-model=\"item.selected\"></smss-input>\\n<div smss-form-model=\"Virtual_Person\">{{item.model}}</div>\\n <smss-input ng-model=\"item.selected\"></smss-input>\\n<div smss-form-model=\"Location\">{{item.model}}</div>\\n <smss-input ng-model=\"item.selected\"></smss-input>\\n<div smss-form-model=\"Submit\" class=\"form-builder__submit\"><smss-btn class=\"smss-btn--primary\" ng-click=\"form.runPixel(form.pixelModel.Insert.pixel)\">{{item.model}}</smss-btn></div>\\n","pixel":{"Insert":{"name":"Insert","pixel":"Database(database=[\"Demo Tracking\"]) | Insert (into=[DEMO_TABLE__DemoID,DEMO_TABLE__Demo_Name,DEMO_TABLE__Presenter,DEMO_TABLE__Secondary_Presenter,DEMO_TABLE__Scheduled_Date,DEMO_TABLE__Start_Time,DEMO_TABLE__End_Time,DEMO_TABLE__Internal_POC,DEMO_TABLE__Demo_Status,DEMO_TABLE__Opportunity_Name,DEMO_TABLE__Virtual_Person,DEMO_TABLE__Location], values=[ (<DemoID>), (<Demo_Name>), (<Presenter>), (<Secondary_Presenter>), (<Scheduled_Date>), (<Start_Time>), (<End_Time>), (<Internal_POC>), (<Demo_Status>), (<Opportunity_Name>), (<Virtual_Person>), (<Location>)]);"}}}}},"config":{},"ornaments":{},"events":{},"comments":{},"position":{},"filters":[],"order":[],"cbv":[]}],"tasks":{"tasks":[],"taskCounter":0},"recipe":["AddPanel ( 0 ) ;","Panel ( 0 ) | SetPanelView ( \"form-builder\" , \"<encode>{\"json\":{\"css\":[],\"data\":{\"Opportunity_Name\":{\"dependsOn\":[],\"autoPopulate\":false,\"defaultValue\":\"\",\"options\":[],\"name\":\"Opportunity_Name\",\"config\":{\"app\":{\"value\":\"Demo Tracking\"},\"table\":\"DEMO_TABLE\"},\"pixel\":\"Database( database=[\\\"Demo Tracking\\\"] )|Select(DEMO_TABLE__Opportunity_Name).as([Opportunity_Name])| Collect(-1);\",\"required\":true},\"DemoID\":{\"dependsOn\":[],\"autoPopulate\":false,\"defaultValue\":\"\",\"options\":[],\"name\":\"DemoID\",\"config\":{\"app\":{\"value\":\"Demo Tracking\"},\"table\":\"DEMO_TABLE\"},\"pixel\":\"Database( database=[\\\"Demo Tracking\\\"] )|Select(DEMO_TABLE__DemoID).as([DemoID])| Collect(-1);\",\"required\":true},\"Secondary_Presenter\":{\"dependsOn\":[],\"autoPopulate\":false,\"defaultValue\":\"\",\"options\":[],\"name\":\"Secondary_Presenter\",\"config\":{\"app\":{\"value\":\"Demo Tracking\"},\"table\":\"DEMO_TABLE\"},\"pixel\":\"Database( database=[\\\"Demo Tracking\\\"] )|Select(DEMO_TABLE__Secondary_Presenter).as([Secondary_Presenter])| Collect(-1);\",\"required\":true},\"Demo_Name\":{\"dependsOn\":[],\"autoPopulate\":false,\"defaultValue\":\"\",\"options\":[],\"name\":\"Demo_Name\",\"config\":{\"app\":{\"value\":\"Demo Tracking\"},\"table\":\"DEMO_TABLE\"},\"pixel\":\"Database( database=[\\\"Demo Tracking\\\"] )|Select(DEMO_TABLE__Demo_Name).as([Demo_Name])| Collect(-1);\",\"required\":true},\"Scheduled_Date\":{\"dependsOn\":[],\"autoPopulate\":false,\"defaultValue\":\"\",\"options\":[],\"name\":\"Scheduled_Date\",\"config\":{\"app\":{\"value\":\"Demo Tracking\"},\"table\":\"DEMO_TABLE\"},\"pixel\":\"\",\"required\":true},\"End_Time\":{\"dependsOn\":[],\"autoPopulate\":false,\"defaultValue\":\"\",\"options\":[],\"name\":\"End_Time\",\"config\":{\"app\":{\"value\":\"Demo Tracking\"},\"table\":\"DEMO_TABLE\"},\"pixel\":\"Database( database=[\\\"Demo Tracking\\\"] )|Select(DEMO_TABLE__End_Time).as([End_Time])| Collect(-1);\",\"required\":true},\"Start_Time\":{\"dependsOn\":[],\"autoPopulate\":false,\"defaultValue\":\"\",\"options\":[],\"name\":\"Start_Time\",\"config\":{\"app\":{\"value\":\"Demo Tracking\"},\"table\":\"DEMO_TABLE\"},\"pixel\":\"Database( database=[\\\"Demo Tracking\\\"] )|Select(DEMO_TABLE__Start_Time).as([Start_Time])| Collect(-1);\",\"required\":true},\"Presenter\":{\"dependsOn\":[],\"autoPopulate\":false,\"defaultValue\":\"\",\"options\":[],\"name\":\"Presenter\",\"config\":{\"app\":{\"value\":\"Demo Tracking\"},\"table\":\"DEMO_TABLE\"},\"pixel\":\"Database( database=[\\\"Demo Tracking\\\"] )|Select(DEMO_TABLE__Presenter).as([Presenter])| Collect(-1);\",\"required\":true},\"Internal_POC\":{\"dependsOn\":[],\"autoPopulate\":false,\"defaultValue\":\"\",\"options\":[],\"name\":\"Internal_POC\",\"config\":{\"app\":{\"value\":\"Demo Tracking\"},\"table\":\"DEMO_TABLE\"},\"pixel\":\"Database( database=[\\\"Demo Tracking\\\"] )|Select(DEMO_TABLE__Internal_POC).as([Internal_POC])| Collect(-1);\",\"required\":true},\"Virtual_Person\":{\"dependsOn\":[],\"autoPopulate\":false,\"defaultValue\":\"\",\"options\":[],\"name\":\"Virtual_Person\",\"config\":{\"app\":{\"value\":\"Demo Tracking\"},\"table\":\"DEMO_TABLE\"},\"pixel\":\"Database( database=[\\\"Demo Tracking\\\"] )|Select(DEMO_TABLE__Virtual_Person).as([Virtual_Person])| Collect(-1);\",\"required\":true},\"Demo_Status\":{\"dependsOn\":[],\"autoPopulate\":false,\"defaultValue\":\"\",\"options\":[],\"name\":\"Demo_Status\",\"config\":{\"app\":{\"value\":\"Demo Tracking\"},\"table\":\"DEMO_TABLE\"},\"pixel\":\"Database( database=[\\\"Demo Tracking\\\"] )|Select(DEMO_TABLE__Demo_Status).as([Demo_Status])| Collect(-1);\",\"required\":true},\"Location\":{\"dependsOn\":[],\"autoPopulate\":false,\"defaultValue\":\"\",\"options\":[],\"name\":\"Location\",\"config\":{\"app\":{\"value\":\"Demo Tracking\"},\"table\":\"DEMO_TABLE\"},\"pixel\":\"Database( database=[\\\"Demo Tracking\\\"] )|Select(DEMO_TABLE__Location).as([Location])| Collect(-1);\",\"required\":true}},\"js\":[],\"html\":\"<div smss-form-model=\\\"DemoID\\\">{{item.model}}</div>\\\\n <smss-input ng-model=\\\"item.selected\\\"></smss-input>\\\\n<div smss-form-model=\\\"Demo_Name\\\">{{item.model}}</div>\\\\n <smss-input ng-model=\\\"item.selected\\\"></smss-input>\\\\n<div smss-form-model=\\\"Presenter\\\">{{item.model}}</div>\\\\n <smss-input ng-model=\\\"item.selected\\\"></smss-input>\\\\n<div smss-form-model=\\\"Secondary_Presenter\\\">{{item.model}}</div>\\\\n <smss-input ng-model=\\\"item.selected\\\"></smss-input>\\\\n<div smss-form-model=\\\"Scheduled_Date\\\">{{item.model}}</div>\\\\n <smss-input ng-model=\\\"item.selected\\\"></smss-input>\\\\n<div class=\\\"smss-form-group__description\\\">Please enter a date (yyyy-mm-dd)</div>\\\\n<div smss-form-model=\\\"Start_Time\\\">{{item.model}}</div>\\\\n <smss-input ng-model=\\\"item.selected\\\"></smss-input>\\\\n<div smss-form-model=\\\"End_Time\\\">{{item.model}}</div>\\\\n <smss-input ng-model=\\\"item.selected\\\"></smss-input>\\\\n<div smss-form-model=\\\"Internal_POC\\\">{{item.model}}</div>\\\\n <smss-input ng-model=\\\"item.selected\\\"></smss-input>\\\\n<div smss-form-model=\\\"Demo_Status\\\">{{item.model}}</div>\\\\n <smss-input ng-model=\\\"item.selected\\\"></smss-input>\\\\n<div smss-form-model=\\\"Opportunity_Name\\\">{{item.model}}</div>\\\\n <smss-input ng-model=\\\"item.selected\\\"></smss-input>\\\\n<div smss-form-model=\\\"Virtual_Person\\\">{{item.model}}</div>\\\\n <smss-input ng-model=\\\"item.selected\\\"></smss-input>\\\\n<div smss-form-model=\\\"Location\\\">{{item.model}}</div>\\\\n <smss-input ng-model=\\\"item.selected\\\"></smss-input>\\\\n<div smss-form-model=\\\"Submit\\\" class=\\\"form-builder__submit\\\"><smss-btn class=\\\"smss-btn--primary\\\" ng-click=\\\"form.runPixel(form.pixelModel.Insert.pixel)\\\">{{item.model}}</smss-btn></div>\\\\n\",\"pixel\":{\"Insert\":{\"name\":\"Insert\",\"pixel\":\"Database(database=[\\\"Demo Tracking\\\"]) | Insert (into=[DEMO_TABLE__DemoID,DEMO_TABLE__Demo_Name,DEMO_TABLE__Presenter,DEMO_TABLE__Secondary_Presenter,DEMO_TABLE__Scheduled_Date,DEMO_TABLE__Start_Time,DEMO_TABLE__End_Time,DEMO_TABLE__Internal_POC,DEMO_TABLE__Demo_Status,DEMO_TABLE__Opportunity_Name,DEMO_TABLE__Virtual_Person,DEMO_TABLE__Location], values=[ (<DemoID>), (<Demo_Name>), (<Presenter>), (<Secondary_Presenter>), (<Scheduled_Date>), (<Start_Time>), (<End_Time>), (<Internal_POC>), (<Demo_Status>), (<Opportunity_Name>), (<Virtual_Person>), (<Location>)]);\"}}}}</encode>\" ) ;"]}