{"insightID":"430514e2-b858-4b1c-ae22-3636b7ede30a","pixelReturn":[{"pixelExpression":"CachedPanel ( \"0\" ) ;","isMeta":false,"output":{"panelId":"0","view":"form-builder","viewOptions":"{\"json\":{\"html\":\"<h3 smss-form-model=\\\"Add a Demo or Demo Presenter\\\">{{item.model}}</h3>\\n<div smss-form-model=\\\"Please list the Demo Category, Demo Name, and the Demo Presenter.\\\" class=\\\"smss-text\\\">{{item.model}}</div>\\n<div smss-form-model=\\\"This will add both the demo (if a new demo) or provide the presenter with the capabaility to perform the listed demo.\\\" class=\\\"smss-text\\\">{{item.model}}</div>\\n<hr>\\n<div class=\\\"smss-text\\\" smss-form-model=\\\"Category:\\\">{{item.model}}</div>\\n<smss-dropdown model=\\\"form.dataModel.Category.selected\\\" options=\\\"form.dataModel.Category.options\\\" placeholder=\\\"Select One\\\">\\n</smss-dropdown>\\n<div class=\\\"smss-text\\\" smss-form-model=\\\"Demo_Name:\\\">{{item.model}}</div>\\n<smss-typeahead model=\\\"form.dataModel.Demo_Name.selected\\\" options=\\\"form.dataModel.Demo_Name.options\\\" placeholder=\\\"'Type to Search'\\\">\\n</smss-typeahead>\\n<div class=\\\"smss-text\\\" smss-form-model=\\\"Presenter:\\\">{{item.model}}</div>\\n<smss-input ng-model=\\\"form.dataModel.Presenter.selected\\\"></smss-input>\\n<div smss-form-model=\\\"Submit\\\" class=\\\"form-builder__submit\\\" style=\\\"text-align: center;\\\"><smss-btn class=\\\"smss-btn--primary\\\" ng-click=\\\"form.runPixel(form.pixelModel.Insert.pixel)\\\">{{item.model}}</smss-btn></div>\\n\",\"js\":[],\"css\":[],\"pixel\":{\"Insert\":{\"name\":\"Insert\",\"pixel\":\"Database(database=[\\\"7f2d920d-ddcd-4294-82ab-379ae2e4a63b\\\"]) | Insert(into=[DEMOS_AVAILABLE__Category, DEMOS_AVAILABLE__Demo_Name, DEMOS_AVAILABLE__Presenter], values=[(<Category>), (<Demo_Name>), (<Presenter>)]);\"}},\"data\":{\"Category\":{\"name\":\"Category\",\"options\":[],\"pixel\":\"Database( database=[\\\"7f2d920d-ddcd-4294-82ab-379ae2e4a63b\\\"] )|Select(DEMOS_AVAILABLE__Category).as([Category])|Collect(-1);\",\"defaultValue\":\"\",\"config\":{\"table\":\"DEMOS_AVAILABLE\",\"app\":{\"value\":\"7f2d920d-ddcd-4294-82ab-379ae2e4a63b\"}},\"dependsOn\":[],\"required\":true,\"autoPopulate\":false,\"useFullList\":true},\"Demo_Name\":{\"name\":\"Demo_Name\",\"options\":[],\"pixel\":\"Database( database=[\\\"7f2d920d-ddcd-4294-82ab-379ae2e4a63b\\\"] )|Select(DEMOS_AVAILABLE__Demo_Name).as([Demo_Name])|Filter(DEMOS_AVAILABLE__Category == <Category>)|Collect(-1);\",\"defaultValue\":\"\",\"config\":{\"table\":\"DEMOS_AVAILABLE\",\"app\":{\"value\":\"7f2d920d-ddcd-4294-82ab-379ae2e4a63b\"}},\"dependsOn\":[\"Category\"],\"required\":true,\"autoPopulate\":false,\"useFullList\":false},\"Presenter\":{\"name\":\"Presenter\",\"options\":[],\"pixel\":\"Database( database=[\\\"7f2d920d-ddcd-4294-82ab-379ae2e4a63b\\\"] )|Select(DEMOS_AVAILABLE__Presenter).as([Presenter])|Collect(-1);\",\"defaultValue\":\"\",\"config\":{\"table\":\"DEMOS_AVAILABLE\",\"app\":{\"value\":\"7f2d920d-ddcd-4294-82ab-379ae2e4a63b\"}},\"dependsOn\":[],\"required\":true,\"autoPopulate\":false,\"useFullList\":true},\"DEMOS_AVAILABLE_UNIQUE_ROW_ID\":{\"name\":\"DEMOS_AVAILABLE_UNIQUE_ROW_ID\",\"options\":[],\"pixel\":\"Database( database=[\\\"7f2d920d-ddcd-4294-82ab-379ae2e4a63b\\\"] )|Select(DEMOS_AVAILABLE__DEMOS_AVAILABLE_UNIQUE_ROW_ID).as([DEMOS_AVAILABLE_UNIQUE_ROW_ID])|Collect(-1);\",\"defaultValue\":\"\",\"config\":{\"table\":\"DEMOS_AVAILABLE\",\"app\":{\"value\":\"7f2d920d-ddcd-4294-82ab-379ae2e4a63b\"}},\"dependsOn\":[],\"required\":true,\"autoPopulate\":false,\"useFullList\":true}},\"config\":{\"background\":{\"background-image\":\"\",\"background-size\":\"\",\"background-position\":\"\",\"background-color\":\"\",\"background-repeat\":\"\"}},\"id\":\"630701\"}}","viewOptionsMap":{"form-builder":{"json":{"html":"<h3 smss-form-model=\"Add a Demo or Demo Presenter\">{{item.model}}</h3>\n<div smss-form-model=\"Please list the Demo Category, Demo Name, and the Demo Presenter.\" class=\"smss-text\">{{item.model}}</div>\n<div smss-form-model=\"This will add both the demo (if a new demo) or provide the presenter with the capabaility to perform the listed demo.\" class=\"smss-text\">{{item.model}}</div>\n<hr>\n<div class=\"smss-text\" smss-form-model=\"Category:\">{{item.model}}</div>\n<smss-dropdown model=\"form.dataModel.Category.selected\" options=\"form.dataModel.Category.options\" placeholder=\"Select One\">\n</smss-dropdown>\n<div class=\"smss-text\" smss-form-model=\"Demo_Name:\">{{item.model}}</div>\n<smss-typeahead model=\"form.dataModel.Demo_Name.selected\" options=\"form.dataModel.Demo_Name.options\" placeholder=\"'Type to Search'\">\n</smss-typeahead>\n<div class=\"smss-text\" smss-form-model=\"Presenter:\">{{item.model}}</div>\n<smss-input ng-model=\"form.dataModel.Presenter.selected\"></smss-input>\n<div smss-form-model=\"Submit\" class=\"form-builder__submit\" style=\"text-align: center;\"><smss-btn class=\"smss-btn--primary\" ng-click=\"form.runPixel(form.pixelModel.Insert.pixel)\">{{item.model}}</smss-btn></div>\n","js":[],"css":[],"pixel":{"Insert":{"name":"Insert","pixel":"Database(database=[\"7f2d920d-ddcd-4294-82ab-379ae2e4a63b\"]) | Insert(into=[DEMOS_AVAILABLE__Category, DEMOS_AVAILABLE__Demo_Name, DEMOS_AVAILABLE__Presenter], values=[(<Category>), (<Demo_Name>), (<Presenter>)]);"}},"data":{"Category":{"name":"Category","options":[],"pixel":"Database( database=[\"7f2d920d-ddcd-4294-82ab-379ae2e4a63b\"] )|Select(DEMOS_AVAILABLE__Category).as([Category])|Collect(-1);","defaultValue":"","config":{"table":"DEMOS_AVAILABLE","app":{"value":"7f2d920d-ddcd-4294-82ab-379ae2e4a63b"}},"dependsOn":[],"required":true,"autoPopulate":false,"useFullList":true},"Demo_Name":{"name":"Demo_Name","options":[],"pixel":"Database( database=[\"7f2d920d-ddcd-4294-82ab-379ae2e4a63b\"] )|Select(DEMOS_AVAILABLE__Demo_Name).as([Demo_Name])|Filter(DEMOS_AVAILABLE__Category == <Category>)|Collect(-1);","defaultValue":"","config":{"table":"DEMOS_AVAILABLE","app":{"value":"7f2d920d-ddcd-4294-82ab-379ae2e4a63b"}},"dependsOn":["Category"],"required":true,"autoPopulate":false,"useFullList":false},"Presenter":{"name":"Presenter","options":[],"pixel":"Database( database=[\"7f2d920d-ddcd-4294-82ab-379ae2e4a63b\"] )|Select(DEMOS_AVAILABLE__Presenter).as([Presenter])|Collect(-1);","defaultValue":"","config":{"table":"DEMOS_AVAILABLE","app":{"value":"7f2d920d-ddcd-4294-82ab-379ae2e4a63b"}},"dependsOn":[],"required":true,"autoPopulate":false,"useFullList":true},"DEMOS_AVAILABLE_UNIQUE_ROW_ID":{"name":"DEMOS_AVAILABLE_UNIQUE_ROW_ID","options":[],"pixel":"Database( database=[\"7f2d920d-ddcd-4294-82ab-379ae2e4a63b\"] )|Select(DEMOS_AVAILABLE__DEMOS_AVAILABLE_UNIQUE_ROW_ID).as([DEMOS_AVAILABLE_UNIQUE_ROW_ID])|Collect(-1);","defaultValue":"","config":{"table":"DEMOS_AVAILABLE","app":{"value":"7f2d920d-ddcd-4294-82ab-379ae2e4a63b"}},"dependsOn":[],"required":true,"autoPopulate":false,"useFullList":true}},"config":{"background":{"background-image":"","background-size":"","background-position":"","background-color":"","background-repeat":""}},"id":"630701"}}},"config":{},"ornaments":{},"events":{},"comments":{},"position":{},"filters":[],"order":[],"cbv":[]},"operationType":["CACHED_PANEL"]}]}