{"engineId":"7f2d920d-ddcd-4294-82ab-379ae2e4a63b","engineName":"Demo Tracking","rdbmsId":"4e7003d0-a072-400c-a87b-abc22a5fe364","varstore":{},"frames":[],"panels":[{"panelId":"0","panelLabel":null,"view":"form-builder","viewOptions":"{\"json\":{\"html\":\"<h3 smss-form-model=\\\"Add an Opportunity\\\">{{item.model}}</h3>\\n<div smss-form-model=\\\"After adding an opportunity, please use the Opportunity_Updates form to track progress using the Opportunity Name.\\\" class=\\\"smss-text\\\">{{item.model}}</div>\\n<div smss-form-model=\\\"Similarly, please insert a demo into the DEMO_TABLE if you would like to schedule a demo\\\" class=\\\"smss-text\\\">{{item.model}}</div>\\n<hr>\\n<div smss-form-model=\\\"Opportunity_Name\\\">{{item.model}}</div>\\n<smss-input ng-model=\\\"form.dataModel.Opportunity_Name.selected\\\"></smss-input>\\n<div smss-form-model=\\\"Account\\\">{{item.model}}</div>\\n<smss-input ng-model=\\\"form.dataModel.Account.selected\\\"></smss-input>\\n<div smss-form-model=\\\"Opportunity POC (Name, Email, Phone Number, etc.)\\\">{{item.model}}</div>\\n<smss-input ng-model=\\\"form.dataModel.Opportunity_POC.selected\\\"></smss-input>\\n<div smss-form-model=\\\"Opportunity POC Position\\\">{{item.model}}</div>\\n<smss-input ng-model=\\\"form.dataModel.Opportunity_POC_Position.selected\\\"></smss-input>\\n<div smss-form-model=\\\"Brief Description of Use Case\\\">{{item.model}}</div>\\n<smss-textarea ng-model=\\\"form.dataModel.UseCase.selected\\\"></smss-textarea>\\n<div smss-form-model=\\\"Submit\\\" class=\\\"form-builder__submit\\\" style=\\\"text-align: center;\\\"><smss-btn class=\\\"smss-btn--primary\\\" ng-click=\\\"form.runPixel(form.pixelModel.Insert.pixel)\\\">{{item.model}}</smss-btn></div>\\n\",\"js\":[],\"css\":[],\"pixel\":{\"Insert\":{\"name\":\"Insert\",\"pixel\":\"Database(database=[\\\"Demo Tracking\\\"]) | Insert(into=[OPPORTUNITY_TABLE__Opportunity_Name, OPPORTUNITY_TABLE__Account, OPPORTUNITY_TABLE__Opportunity_POC, OPPORTUNITY_TABLE__Opportunity_POC_Position, OPPORTUNITY_TABLE__UseCase], values=[(<Opportunity_Name>), (<Account>), (<Opportunity_POC>), (<Opportunity_POC_Position>), (<UseCase>)]);\"}},\"data\":{\"Opportunity_Name\":{\"name\":\"Opportunity_Name\",\"options\":[],\"pixel\":\"Database( database=[\\\"Demo Tracking\\\"] )|Select(OPPORTUNITY_TABLE__Opportunity_Name).as([Opportunity_Name])| Collect(-1);\",\"defaultValue\":\"\",\"config\":{\"app\":{\"value\":\"Demo Tracking\"},\"table\":\"OPPORTUNITY_TABLE\"},\"dependsOn\":[],\"required\":true,\"autoPopulate\":false},\"Account\":{\"name\":\"Account\",\"options\":[],\"pixel\":\"Database( database=[\\\"Demo Tracking\\\"] )|Select(OPPORTUNITY_TABLE__Account).as([Account])| Collect(-1);\",\"defaultValue\":\"\",\"config\":{\"app\":{\"value\":\"Demo Tracking\"},\"table\":\"OPPORTUNITY_TABLE\"},\"dependsOn\":[],\"required\":true,\"autoPopulate\":false},\"Opportunity_POC_Position\":{\"name\":\"Opportunity_POC_Position\",\"options\":[],\"pixel\":\"Database( database=[\\\"Demo Tracking\\\"] )|Select(OPPORTUNITY_TABLE__Opportunity_POC_Position).as([Opportunity_POC_Position])| Collect(-1);\",\"defaultValue\":\"\",\"config\":{\"app\":{\"value\":\"Demo Tracking\"},\"table\":\"OPPORTUNITY_TABLE\"},\"dependsOn\":[],\"required\":true,\"autoPopulate\":false},\"UseCase\":{\"name\":\"UseCase\",\"options\":[],\"pixel\":\"Database( database=[\\\"Demo Tracking\\\"] )|Select(OPPORTUNITY_TABLE__UseCase).as([UseCase])| Collect(-1);\",\"defaultValue\":\"\",\"config\":{\"app\":{\"value\":\"Demo Tracking\"},\"table\":\"OPPORTUNITY_TABLE\"},\"dependsOn\":[],\"required\":true,\"autoPopulate\":false},\"Opportunity_POC\":{\"name\":\"Opportunity_POC\",\"options\":[],\"pixel\":\"Database( database=[\\\"Demo Tracking\\\"] )|Select(OPPORTUNITY_TABLE__Opportunity_POC).as([Opportunity_POC])| Collect(-1);\",\"defaultValue\":\"\",\"config\":{\"app\":{\"value\":\"Demo Tracking\"},\"table\":\"OPPORTUNITY_TABLE\"},\"dependsOn\":[],\"required\":true,\"autoPopulate\":false},\"OPPORTUNITY_TABLE_UNIQUE_ROW_ID\":{\"name\":\"OPPORTUNITY_TABLE_UNIQUE_ROW_ID\",\"options\":[],\"pixel\":\"Database( database=[\\\"Demo Tracking\\\"] )|Select(OPPORTUNITY_TABLE__OPPORTUNITY_TABLE_UNIQUE_ROW_ID).as([OPPORTUNITY_TABLE_UNIQUE_ROW_ID])|Collect(-1);\",\"defaultValue\":\"\",\"config\":{\"table\":\"OPPORTUNITY_TABLE\",\"app\":{\"value\":\"Demo Tracking\"}},\"dependsOn\":[],\"required\":true,\"autoPopulate\":false,\"useFullList\":true}},\"config\":{\"background\":{\"background-image\":\"\",\"background-size\":\"\",\"background-position\":\"\",\"background-color\":\"\",\"background-repeat\":\"\"}},\"id\":\"152142\"}}","viewOptionsMap":{"form-builder":{"json":{"html":"<h3 smss-form-model=\"Add an Opportunity\">{{item.model}}</h3>\n<div smss-form-model=\"After adding an opportunity, please use the Opportunity_Updates form to track progress using the Opportunity Name.\" class=\"smss-text\">{{item.model}}</div>\n<div smss-form-model=\"Similarly, please insert a demo into the DEMO_TABLE if you would like to schedule a demo\" class=\"smss-text\">{{item.model}}</div>\n<hr>\n<div smss-form-model=\"Opportunity_Name\">{{item.model}}</div>\n<smss-input ng-model=\"form.dataModel.Opportunity_Name.selected\"></smss-input>\n<div smss-form-model=\"Account\">{{item.model}}</div>\n<smss-input ng-model=\"form.dataModel.Account.selected\"></smss-input>\n<div smss-form-model=\"Opportunity POC (Name, Email, Phone Number, etc.)\">{{item.model}}</div>\n<smss-input ng-model=\"form.dataModel.Opportunity_POC.selected\"></smss-input>\n<div smss-form-model=\"Opportunity POC Position\">{{item.model}}</div>\n<smss-input ng-model=\"form.dataModel.Opportunity_POC_Position.selected\"></smss-input>\n<div smss-form-model=\"Brief Description of Use Case\">{{item.model}}</div>\n<smss-textarea ng-model=\"form.dataModel.UseCase.selected\"></smss-textarea>\n<div smss-form-model=\"Submit\" class=\"form-builder__submit\" style=\"text-align: center;\"><smss-btn class=\"smss-btn--primary\" ng-click=\"form.runPixel(form.pixelModel.Insert.pixel)\">{{item.model}}</smss-btn></div>\n","js":[],"css":[],"pixel":{"Insert":{"name":"Insert","pixel":"Database(database=[\"Demo Tracking\"]) | Insert(into=[OPPORTUNITY_TABLE__Opportunity_Name, OPPORTUNITY_TABLE__Account, OPPORTUNITY_TABLE__Opportunity_POC, OPPORTUNITY_TABLE__Opportunity_POC_Position, OPPORTUNITY_TABLE__UseCase], values=[(<Opportunity_Name>), (<Account>), (<Opportunity_POC>), (<Opportunity_POC_Position>), (<UseCase>)]);"}},"data":{"Opportunity_Name":{"name":"Opportunity_Name","options":[],"pixel":"Database( database=[\"Demo Tracking\"] )|Select(OPPORTUNITY_TABLE__Opportunity_Name).as([Opportunity_Name])| Collect(-1);","defaultValue":"","config":{"app":{"value":"Demo Tracking"},"table":"OPPORTUNITY_TABLE"},"dependsOn":[],"required":true,"autoPopulate":false},"Account":{"name":"Account","options":[],"pixel":"Database( database=[\"Demo Tracking\"] )|Select(OPPORTUNITY_TABLE__Account).as([Account])| Collect(-1);","defaultValue":"","config":{"app":{"value":"Demo Tracking"},"table":"OPPORTUNITY_TABLE"},"dependsOn":[],"required":true,"autoPopulate":false},"Opportunity_POC_Position":{"name":"Opportunity_POC_Position","options":[],"pixel":"Database( database=[\"Demo Tracking\"] )|Select(OPPORTUNITY_TABLE__Opportunity_POC_Position).as([Opportunity_POC_Position])| Collect(-1);","defaultValue":"","config":{"app":{"value":"Demo Tracking"},"table":"OPPORTUNITY_TABLE"},"dependsOn":[],"required":true,"autoPopulate":false},"UseCase":{"name":"UseCase","options":[],"pixel":"Database( database=[\"Demo Tracking\"] )|Select(OPPORTUNITY_TABLE__UseCase).as([UseCase])| Collect(-1);","defaultValue":"","config":{"app":{"value":"Demo Tracking"},"table":"OPPORTUNITY_TABLE"},"dependsOn":[],"required":true,"autoPopulate":false},"Opportunity_POC":{"name":"Opportunity_POC","options":[],"pixel":"Database( database=[\"Demo Tracking\"] )|Select(OPPORTUNITY_TABLE__Opportunity_POC).as([Opportunity_POC])| Collect(-1);","defaultValue":"","config":{"app":{"value":"Demo Tracking"},"table":"OPPORTUNITY_TABLE"},"dependsOn":[],"required":true,"autoPopulate":false},"OPPORTUNITY_TABLE_UNIQUE_ROW_ID":{"name":"OPPORTUNITY_TABLE_UNIQUE_ROW_ID","options":[],"pixel":"Database( database=[\"Demo Tracking\"] )|Select(OPPORTUNITY_TABLE__OPPORTUNITY_TABLE_UNIQUE_ROW_ID).as([OPPORTUNITY_TABLE_UNIQUE_ROW_ID])|Collect(-1);","defaultValue":"","config":{"table":"OPPORTUNITY_TABLE","app":{"value":"Demo Tracking"}},"dependsOn":[],"required":true,"autoPopulate":false,"useFullList":true}},"config":{"background":{"background-image":"","background-size":"","background-position":"","background-color":"","background-repeat":""}},"id":"152142"}}},"config":{},"ornaments":{},"events":{},"comments":{},"position":{},"filters":[],"order":[],"cbv":[]}],"tasks":{"tasks":[],"taskCounter":0},"recipe":["AddPanel ( 0 ) ;","Panel ( 0 ) | SetPanelView ( \"form-builder\" , \"<encode>{\"json\":{\"html\":\"<h3 smss-form-model=\\\"Add an Opportunity\\\">{{item.model}}</h3>\\n<div smss-form-model=\\\"After adding an opportunity, please use the Opportunity_Updates form to track progress using the Opportunity Name.\\\" class=\\\"smss-text\\\">{{item.model}}</div>\\n<div smss-form-model=\\\"Similarly, please insert a demo into the DEMO_TABLE if you would like to schedule a demo\\\" class=\\\"smss-text\\\">{{item.model}}</div>\\n<hr>\\n<div smss-form-model=\\\"Opportunity_Name\\\">{{item.model}}</div>\\n<smss-input ng-model=\\\"form.dataModel.Opportunity_Name.selected\\\"></smss-input>\\n<div smss-form-model=\\\"Account\\\">{{item.model}}</div>\\n<smss-input ng-model=\\\"form.dataModel.Account.selected\\\"></smss-input>\\n<div smss-form-model=\\\"Opportunity POC (Name, Email, Phone Number, etc.)\\\">{{item.model}}</div>\\n<smss-input ng-model=\\\"form.dataModel.Opportunity_POC.selected\\\"></smss-input>\\n<div smss-form-model=\\\"Opportunity POC Position\\\">{{item.model}}</div>\\n<smss-input ng-model=\\\"form.dataModel.Opportunity_POC_Position.selected\\\"></smss-input>\\n<div smss-form-model=\\\"Brief Description of Use Case\\\">{{item.model}}</div>\\n<smss-textarea ng-model=\\\"form.dataModel.UseCase.selected\\\"></smss-textarea>\\n<div smss-form-model=\\\"Submit\\\" class=\\\"form-builder__submit\\\" style=\\\"text-align: center;\\\"><smss-btn class=\\\"smss-btn--primary\\\" ng-click=\\\"form.runPixel(form.pixelModel.Insert.pixel)\\\">{{item.model}}</smss-btn></div>\\n\",\"js\":[],\"css\":[],\"pixel\":{\"Insert\":{\"name\":\"Insert\",\"pixel\":\"Database(database=[\\\"Demo Tracking\\\"]) | Insert(into=[OPPORTUNITY_TABLE__Opportunity_Name, OPPORTUNITY_TABLE__Account, OPPORTUNITY_TABLE__Opportunity_POC, OPPORTUNITY_TABLE__Opportunity_POC_Position, OPPORTUNITY_TABLE__UseCase], values=[(<Opportunity_Name>), (<Account>), (<Opportunity_POC>), (<Opportunity_POC_Position>), (<UseCase>)]);\"}},\"data\":{\"Opportunity_Name\":{\"name\":\"Opportunity_Name\",\"options\":[],\"pixel\":\"Database( database=[\\\"Demo Tracking\\\"] )|Select(OPPORTUNITY_TABLE__Opportunity_Name).as([Opportunity_Name])| Collect(-1);\",\"defaultValue\":\"\",\"config\":{\"app\":{\"value\":\"Demo Tracking\"},\"table\":\"OPPORTUNITY_TABLE\"},\"dependsOn\":[],\"required\":true,\"autoPopulate\":false},\"Account\":{\"name\":\"Account\",\"options\":[],\"pixel\":\"Database( database=[\\\"Demo Tracking\\\"] )|Select(OPPORTUNITY_TABLE__Account).as([Account])| Collect(-1);\",\"defaultValue\":\"\",\"config\":{\"app\":{\"value\":\"Demo Tracking\"},\"table\":\"OPPORTUNITY_TABLE\"},\"dependsOn\":[],\"required\":true,\"autoPopulate\":false},\"Opportunity_POC_Position\":{\"name\":\"Opportunity_POC_Position\",\"options\":[],\"pixel\":\"Database( database=[\\\"Demo Tracking\\\"] )|Select(OPPORTUNITY_TABLE__Opportunity_POC_Position).as([Opportunity_POC_Position])| Collect(-1);\",\"defaultValue\":\"\",\"config\":{\"app\":{\"value\":\"Demo Tracking\"},\"table\":\"OPPORTUNITY_TABLE\"},\"dependsOn\":[],\"required\":true,\"autoPopulate\":false},\"UseCase\":{\"name\":\"UseCase\",\"options\":[],\"pixel\":\"Database( database=[\\\"Demo Tracking\\\"] )|Select(OPPORTUNITY_TABLE__UseCase).as([UseCase])| Collect(-1);\",\"defaultValue\":\"\",\"config\":{\"app\":{\"value\":\"Demo Tracking\"},\"table\":\"OPPORTUNITY_TABLE\"},\"dependsOn\":[],\"required\":true,\"autoPopulate\":false},\"Opportunity_POC\":{\"name\":\"Opportunity_POC\",\"options\":[],\"pixel\":\"Database( database=[\\\"Demo Tracking\\\"] )|Select(OPPORTUNITY_TABLE__Opportunity_POC).as([Opportunity_POC])| Collect(-1);\",\"defaultValue\":\"\",\"config\":{\"app\":{\"value\":\"Demo Tracking\"},\"table\":\"OPPORTUNITY_TABLE\"},\"dependsOn\":[],\"required\":true,\"autoPopulate\":false},\"OPPORTUNITY_TABLE_UNIQUE_ROW_ID\":{\"name\":\"OPPORTUNITY_TABLE_UNIQUE_ROW_ID\",\"options\":[],\"pixel\":\"Database( database=[\\\"Demo Tracking\\\"] )|Select(OPPORTUNITY_TABLE__OPPORTUNITY_TABLE_UNIQUE_ROW_ID).as([OPPORTUNITY_TABLE_UNIQUE_ROW_ID])|Collect(-1);\",\"defaultValue\":\"\",\"config\":{\"table\":\"OPPORTUNITY_TABLE\",\"app\":{\"value\":\"Demo Tracking\"}},\"dependsOn\":[],\"required\":true,\"autoPopulate\":false,\"useFullList\":true}},\"config\":{\"background\":{\"background-image\":\"\",\"background-size\":\"\",\"background-position\":\"\",\"background-color\":\"\",\"background-repeat\":\"\"}},\"id\":\"152142\"}}</encode>\" ) ;"]}