{"engineId":"7f2d920d-ddcd-4294-82ab-379ae2e4a63b","engineName":"Demo Tracking","rdbmsId":"d8bfb63e-8103-486f-a59a-fc2f645fad9f","varstore":{},"frames":[],"panels":[{"panelId":"0","panelLabel":null,"view":"form-builder","viewOptions":"{\"json\":{\"html\":\"<h3 smss-form-model=\\\"Update a Scheduled Demo\\\">{{item.model}}</h3>\\n<div smss-form-model=\\\"Due to a limiting factor in forms the following fields which would normally be dropdowns are free text: Demo Name, Presenter, Virtual, In Person, or Both, and Demo Status\\\" class=\\\"smss-text\\\">{{item.model}}</div>\\n<hr>\\n<div class=\\\"smss-text\\\" smss-form-model=\\\"Scheduled Demo ID:\\\">{{item.model}}</div>\\n<smss-dropdown model=\\\"form.dataModel.DEMO_TABLE_UNIQUE_ROW_ID.selected\\\" options=\\\"form.dataModel.DEMO_TABLE_UNIQUE_ROW_ID.options\\\" placeholder=\\\"Select One\\\">\\n</smss-dropdown>\\n<div smss-form-model=\\\"Opportunity_Name:\\\" class=\\\"smss-text\\\">{{item.model}}</div>\\n<smss-dropdown model=\\\"form.dataModel.Opportunity_Name.selected\\\" options=\\\"form.dataModel.Opportunity_Name.options\\\" placeholder=\\\"Select One\\\">\\n</smss-dropdown>\\n<div smss-form-model=\\\"Demo_Name:\\\" class=\\\"smss-text\\\">{{item.model}}</div>\\n<smss-typeahead model=\\\"form.dataModel.Demo_Name.selected\\\" options=\\\"form.dataModel.Demo_Name.options\\\" placeholder=\\\"'Type to Search'\\\">\\n</smss-typeahead>\\n<div smss-form-model=\\\"Presenter:\\\" class=\\\"smss-text\\\">{{item.model}}</div>\\n<smss-typeahead model=\\\"form.dataModel.Presenter.selected\\\" options=\\\"form.dataModel.Presenter.options\\\" placeholder=\\\"'Type to Search'\\\">\\n</smss-typeahead>\\n<div smss-form-model=\\\"Secondary_Presenter:\\\" class=\\\"smss-text\\\">{{item.model}}</div>\\n<smss-typeahead model=\\\"form.dataModel.Secondary_Presenter.selected\\\" options=\\\"form.dataModel.Secondary_Presenter.options\\\" placeholder=\\\"'Type to Search'\\\">\\n</smss-typeahead>\\n<div smss-form-model=\\\"Internal_POC:\\\" class=\\\"smss-text\\\">{{item.model}}</div>\\n<smss-typeahead model=\\\"form.dataModel.Internal_POC.selected\\\" options=\\\"form.dataModel.Internal_POC.options\\\" placeholder=\\\"'Type to Search'\\\">\\n</smss-typeahead>\\n<div smss-form-model=\\\"Scheduled_Date:\\\" class=\\\"smss-text\\\">{{item.model}}</div>\\n<smss-date-picker model=\\\"form.dataModel.Scheduled_Date.selected\\\" format=\\\"YYYY-MM-DD\\\"></smss-date-picker>\\n<div smss-form-model=\\\"Start_Time:\\\" class=\\\"smss-text\\\">{{item.model}}</div>\\n<smss-input ng-model=\\\"form.dataModel.Start_Time.selected\\\"></smss-input>\\n<div smss-form-model=\\\"End_Time:\\\" class=\\\"smss-text\\\">{{item.model}}</div>\\n<smss-input ng-model=\\\"form.dataModel.End_Time.selected\\\"></smss-input>\\n<div smss-form-model=\\\"Virtual, In Person, or Both:\\\" class=\\\"smss-text\\\">{{item.model}}</div>\\n<smss-typeahead model=\\\"form.dataModel.Virtual_Person.selected\\\" options=\\\"form.dataModel.Virtual_Person.options\\\" placeholder=\\\"'Type to Search'\\\">\\n</smss-typeahead>\\n<div smss-form-model=\\\"Location:\\\" class=\\\"smss-text\\\">{{item.model}}</div>\\n<smss-typeahead model=\\\"form.dataModel.Location.selected\\\" options=\\\"form.dataModel.Location.options\\\" placeholder=\\\"'Type to Search'\\\">\\n</smss-typeahead>\\n<div smss-form-model=\\\"Demo_Status:\\\" class=\\\"smss-text\\\">{{item.model}}</div>\\n<smss-typeahead model=\\\"form.dataModel.Demo_Status.selected\\\" options=\\\"form.dataModel.Demo_Status.options\\\" placeholder=\\\"'Type to Search'\\\">\\n</smss-typeahead>\\n<div smss-form-model=\\\"Submit\\\" class=\\\"form-builder__submit\\\" style=\\\"text-align: center;\\\"><smss-btn class=\\\"smss-btn--primary\\\" ng-click=\\\"form.runPixel(form.pixelModel.Update.pixel)\\\">{{item.model}}</smss-btn></div>\\n\",\"js\":[],\"css\":[],\"pixel\":{\"Update\":{\"name\":\"Update\",\"pixel\":\"Database(database=[\\\"7f2d920d-ddcd-4294-82ab-379ae2e4a63b\\\"]) | Update(columns=[DEMO_TABLE__Opportunity_Name, DEMO_TABLE__Demo_Name, DEMO_TABLE__Presenter, DEMO_TABLE__Secondary_Presenter, DEMO_TABLE__Internal_POC, DEMO_TABLE__Scheduled_Date, DEMO_TABLE__Start_Time, DEMO_TABLE__End_Time, DEMO_TABLE__Virtual_Person, DEMO_TABLE__Location, DEMO_TABLE__Demo_Status], values=[(<Opportunity_Name>), (<Demo_Name>), (<Presenter>), (<Secondary_Presenter>), (<Internal_POC>), (<Scheduled_Date>), (<Start_Time>), (<End_Time>), (<Virtual_Person>), (<Location>), (<Demo_Status>)]) | Filter((DEMO_TABLE__Opportunity_Name == <Opportunity_Name.original>), (DEMO_TABLE__Demo_Name == <Demo_Name.original>), (DEMO_TABLE__Presenter == <Presenter.original>), (DEMO_TABLE__Secondary_Presenter == <Secondary_Presenter.original>), (DEMO_TABLE__Internal_POC == <Internal_POC.original>), (DEMO_TABLE__Scheduled_Date == <Scheduled_Date.original>), (DEMO_TABLE__Start_Time == <Start_Time.original>), (DEMO_TABLE__End_Time == <End_Time.original>), (DEMO_TABLE__Virtual_Person == <Virtual_Person.original>), (DEMO_TABLE__Location == <Location.original>), (DEMO_TABLE__Demo_Status == <Demo_Status.original>)) | ExecQuery();\"}},\"data\":{\"DemoID\":{\"name\":\"DemoID\",\"options\":[],\"pixel\":\"Database( database=[\\\"7f2d920d-ddcd-4294-82ab-379ae2e4a63b\\\"] )|Select(DEMO_TABLE__DemoID).as([DemoID])|Collect(-1);\",\"defaultValue\":\"\",\"config\":{\"table\":\"DEMO_TABLE\",\"app\":{\"value\":\"7f2d920d-ddcd-4294-82ab-379ae2e4a63b\"}},\"dependsOn\":[],\"required\":true,\"autoPopulate\":false,\"useFullList\":true},\"Demo_Name\":{\"name\":\"Demo_Name\",\"options\":[],\"pixel\":\"Database( database=[\\\"7f2d920d-ddcd-4294-82ab-379ae2e4a63b\\\"] )|Select(DEMO_TABLE__Demo_Name).as([Demo_Name])|Filter(DEMO_TABLE__Opportunity_Name == <Opportunity_Name>)|Filter(DEMO_TABLE__DEMO_TABLE_UNIQUE_ROW_ID == <DEMO_TABLE_UNIQUE_ROW_ID>)|Collect(-1);\",\"defaultValue\":\"\",\"config\":{\"table\":\"DEMO_TABLE\",\"app\":{\"value\":\"7f2d920d-ddcd-4294-82ab-379ae2e4a63b\"}},\"dependsOn\":[\"Opportunity_Name\",\"DEMO_TABLE_UNIQUE_ROW_ID\"],\"required\":true,\"autoPopulate\":true,\"useFullList\":false},\"Demo_Status\":{\"name\":\"Demo_Status\",\"options\":[],\"pixel\":\"Database( database=[\\\"7f2d920d-ddcd-4294-82ab-379ae2e4a63b\\\"] )|Select(DEMO_TABLE__Demo_Status).as([Demo_Status])|Filter(DEMO_TABLE__DEMO_TABLE_UNIQUE_ROW_ID == <DEMO_TABLE_UNIQUE_ROW_ID>)|Collect(-1);\",\"defaultValue\":\"\",\"config\":{\"table\":\"DEMO_TABLE\",\"app\":{\"value\":\"7f2d920d-ddcd-4294-82ab-379ae2e4a63b\"}},\"dependsOn\":[\"DEMO_TABLE_UNIQUE_ROW_ID\"],\"required\":true,\"autoPopulate\":true,\"useFullList\":false},\"End_Time\":{\"name\":\"End_Time\",\"options\":[],\"pixel\":\"Database( database=[\\\"7f2d920d-ddcd-4294-82ab-379ae2e4a63b\\\"] )|Select(DEMO_TABLE__End_Time).as([End_Time])|Filter(DEMO_TABLE__DEMO_TABLE_UNIQUE_ROW_ID == <DEMO_TABLE_UNIQUE_ROW_ID>)|Collect(-1);\",\"defaultValue\":\"\",\"config\":{\"table\":\"DEMO_TABLE\",\"app\":{\"value\":\"7f2d920d-ddcd-4294-82ab-379ae2e4a63b\"}},\"dependsOn\":[\"DEMO_TABLE_UNIQUE_ROW_ID\"],\"required\":true,\"autoPopulate\":true,\"useFullList\":false},\"Internal_POC\":{\"name\":\"Internal_POC\",\"options\":[],\"pixel\":\"Database( database=[\\\"7f2d920d-ddcd-4294-82ab-379ae2e4a63b\\\"] )|Select(DEMO_TABLE__Internal_POC).as([Internal_POC])|Filter(DEMO_TABLE__DEMO_TABLE_UNIQUE_ROW_ID == <DEMO_TABLE_UNIQUE_ROW_ID>)|Collect(-1);\",\"defaultValue\":\"\",\"config\":{\"table\":\"DEMO_TABLE\",\"app\":{\"value\":\"7f2d920d-ddcd-4294-82ab-379ae2e4a63b\"}},\"dependsOn\":[\"DEMO_TABLE_UNIQUE_ROW_ID\"],\"required\":true,\"autoPopulate\":true,\"useFullList\":false},\"Location\":{\"name\":\"Location\",\"options\":[],\"pixel\":\"Database( database=[\\\"7f2d920d-ddcd-4294-82ab-379ae2e4a63b\\\"] )|Select(DEMO_TABLE__Location).as([Location])|Filter(DEMO_TABLE__DEMO_TABLE_UNIQUE_ROW_ID == <DEMO_TABLE_UNIQUE_ROW_ID>)|Collect(-1);\",\"defaultValue\":\"\",\"config\":{\"table\":\"DEMO_TABLE\",\"app\":{\"value\":\"7f2d920d-ddcd-4294-82ab-379ae2e4a63b\"}},\"dependsOn\":[\"DEMO_TABLE_UNIQUE_ROW_ID\"],\"required\":true,\"autoPopulate\":true,\"useFullList\":false},\"Opportunity_Name\":{\"name\":\"Opportunity_Name\",\"options\":[],\"pixel\":\"Database( database=[\\\"7f2d920d-ddcd-4294-82ab-379ae2e4a63b\\\"] )|Select(DEMO_TABLE__Opportunity_Name).as([Opportunity_Name])|Collect(-1);\",\"defaultValue\":\"\",\"config\":{\"table\":\"DEMO_TABLE\",\"app\":{\"value\":\"7f2d920d-ddcd-4294-82ab-379ae2e4a63b\"}},\"dependsOn\":[],\"required\":true,\"autoPopulate\":false,\"useFullList\":false},\"Presenter\":{\"name\":\"Presenter\",\"options\":[],\"pixel\":\"Database( database=[\\\"7f2d920d-ddcd-4294-82ab-379ae2e4a63b\\\"] )|Select(DEMO_TABLE__Presenter).as([Presenter])|Filter(DEMO_TABLE__DEMO_TABLE_UNIQUE_ROW_ID == <DEMO_TABLE_UNIQUE_ROW_ID>)|Collect(-1);\",\"defaultValue\":\"\",\"config\":{\"table\":\"DEMO_TABLE\",\"app\":{\"value\":\"7f2d920d-ddcd-4294-82ab-379ae2e4a63b\"}},\"dependsOn\":[\"DEMO_TABLE_UNIQUE_ROW_ID\"],\"required\":true,\"autoPopulate\":true,\"useFullList\":false},\"Secondary_Presenter\":{\"name\":\"Secondary_Presenter\",\"options\":[],\"pixel\":\"Database( database=[\\\"7f2d920d-ddcd-4294-82ab-379ae2e4a63b\\\"] )|Select(DEMO_TABLE__Secondary_Presenter).as([Secondary_Presenter])|Filter(DEMO_TABLE__DEMO_TABLE_UNIQUE_ROW_ID == <DEMO_TABLE_UNIQUE_ROW_ID>)|Collect(-1);\",\"defaultValue\":\"\",\"config\":{\"table\":\"DEMO_TABLE\",\"app\":{\"value\":\"7f2d920d-ddcd-4294-82ab-379ae2e4a63b\"}},\"dependsOn\":[\"DEMO_TABLE_UNIQUE_ROW_ID\"],\"required\":true,\"autoPopulate\":true,\"useFullList\":false},\"Start_Time\":{\"name\":\"Start_Time\",\"options\":[],\"pixel\":\"Database( database=[\\\"7f2d920d-ddcd-4294-82ab-379ae2e4a63b\\\"] )|Select(DEMO_TABLE__Start_Time).as([Start_Time])|Filter(DEMO_TABLE__DEMO_TABLE_UNIQUE_ROW_ID == <DEMO_TABLE_UNIQUE_ROW_ID>)|Collect(-1);\",\"defaultValue\":\"\",\"config\":{\"table\":\"DEMO_TABLE\",\"app\":{\"value\":\"7f2d920d-ddcd-4294-82ab-379ae2e4a63b\"}},\"dependsOn\":[\"DEMO_TABLE_UNIQUE_ROW_ID\"],\"required\":true,\"autoPopulate\":true,\"useFullList\":false},\"Virtual_Person\":{\"name\":\"Virtual_Person\",\"options\":[],\"pixel\":\"Database( database=[\\\"7f2d920d-ddcd-4294-82ab-379ae2e4a63b\\\"] )|Select(DEMO_TABLE__Virtual_Person).as([Virtual_Person])|Filter(DEMO_TABLE__DEMO_TABLE_UNIQUE_ROW_ID == <DEMO_TABLE_UNIQUE_ROW_ID>)|Collect(-1);\",\"defaultValue\":\"\",\"config\":{\"table\":\"DEMO_TABLE\",\"app\":{\"value\":\"7f2d920d-ddcd-4294-82ab-379ae2e4a63b\"}},\"dependsOn\":[\"DEMO_TABLE_UNIQUE_ROW_ID\"],\"required\":true,\"autoPopulate\":true,\"useFullList\":false},\"DEMO_TABLE_UNIQUE_ROW_ID\":{\"name\":\"DEMO_TABLE_UNIQUE_ROW_ID\",\"options\":[],\"pixel\":\"Database( database=[\\\"7f2d920d-ddcd-4294-82ab-379ae2e4a63b\\\"] )|Select(DEMO_TABLE__DEMO_TABLE_UNIQUE_ROW_ID).as([DEMO_TABLE_UNIQUE_ROW_ID])|Collect(-1);\",\"defaultValue\":\"\",\"config\":{\"table\":\"DEMO_TABLE\",\"app\":{\"value\":\"7f2d920d-ddcd-4294-82ab-379ae2e4a63b\"}},\"dependsOn\":[],\"required\":true,\"autoPopulate\":false,\"useFullList\":true},\"Scheduled_Date\":{\"name\":\"Scheduled_Date\",\"options\":[],\"pixel\":\"Database( database=[\\\"7f2d920d-ddcd-4294-82ab-379ae2e4a63b\\\"] )|Select(DEMO_TABLE__Scheduled_Date).as([Scheduled_Date])|Filter(DEMO_TABLE__DEMO_TABLE_UNIQUE_ROW_ID == <DEMO_TABLE_UNIQUE_ROW_ID>)|Collect(-1);\",\"defaultValue\":\"\",\"config\":{\"table\":\"DEMO_TABLE\",\"app\":{\"value\":\"7f2d920d-ddcd-4294-82ab-379ae2e4a63b\"}},\"dependsOn\":[\"DEMO_TABLE_UNIQUE_ROW_ID\"],\"required\":true,\"autoPopulate\":true,\"useFullList\":false}},\"config\":{\"background\":{\"background-image\":\"\",\"background-size\":\"\",\"background-position\":\"\",\"background-color\":\"\",\"background-repeat\":\"\"}},\"id\":\"346167\"}}","viewOptionsMap":{"form-builder":{"json":{"html":"<h3 smss-form-model=\"Update a Scheduled Demo\">{{item.model}}</h3>\n<div smss-form-model=\"Due to a limiting factor in forms the following fields which would normally be dropdowns are free text: Demo Name, Presenter, Virtual, In Person, or Both, and Demo Status\" class=\"smss-text\">{{item.model}}</div>\n<hr>\n<div class=\"smss-text\" smss-form-model=\"Scheduled Demo ID:\">{{item.model}}</div>\n<smss-dropdown model=\"form.dataModel.DEMO_TABLE_UNIQUE_ROW_ID.selected\" options=\"form.dataModel.DEMO_TABLE_UNIQUE_ROW_ID.options\" placeholder=\"Select One\">\n</smss-dropdown>\n<div smss-form-model=\"Opportunity_Name:\" class=\"smss-text\">{{item.model}}</div>\n<smss-dropdown model=\"form.dataModel.Opportunity_Name.selected\" options=\"form.dataModel.Opportunity_Name.options\" placeholder=\"Select One\">\n</smss-dropdown>\n<div smss-form-model=\"Demo_Name:\" class=\"smss-text\">{{item.model}}</div>\n<smss-typeahead model=\"form.dataModel.Demo_Name.selected\" options=\"form.dataModel.Demo_Name.options\" placeholder=\"'Type to Search'\">\n</smss-typeahead>\n<div smss-form-model=\"Presenter:\" class=\"smss-text\">{{item.model}}</div>\n<smss-typeahead model=\"form.dataModel.Presenter.selected\" options=\"form.dataModel.Presenter.options\" placeholder=\"'Type to Search'\">\n</smss-typeahead>\n<div smss-form-model=\"Secondary_Presenter:\" class=\"smss-text\">{{item.model}}</div>\n<smss-typeahead model=\"form.dataModel.Secondary_Presenter.selected\" options=\"form.dataModel.Secondary_Presenter.options\" placeholder=\"'Type to Search'\">\n</smss-typeahead>\n<div smss-form-model=\"Internal_POC:\" class=\"smss-text\">{{item.model}}</div>\n<smss-typeahead model=\"form.dataModel.Internal_POC.selected\" options=\"form.dataModel.Internal_POC.options\" placeholder=\"'Type to Search'\">\n</smss-typeahead>\n<div smss-form-model=\"Scheduled_Date:\" class=\"smss-text\">{{item.model}}</div>\n<smss-date-picker model=\"form.dataModel.Scheduled_Date.selected\" format=\"YYYY-MM-DD\"></smss-date-picker>\n<div smss-form-model=\"Start_Time:\" class=\"smss-text\">{{item.model}}</div>\n<smss-input ng-model=\"form.dataModel.Start_Time.selected\"></smss-input>\n<div smss-form-model=\"End_Time:\" class=\"smss-text\">{{item.model}}</div>\n<smss-input ng-model=\"form.dataModel.End_Time.selected\"></smss-input>\n<div smss-form-model=\"Virtual, In Person, or Both:\" class=\"smss-text\">{{item.model}}</div>\n<smss-typeahead model=\"form.dataModel.Virtual_Person.selected\" options=\"form.dataModel.Virtual_Person.options\" placeholder=\"'Type to Search'\">\n</smss-typeahead>\n<div smss-form-model=\"Location:\" class=\"smss-text\">{{item.model}}</div>\n<smss-typeahead model=\"form.dataModel.Location.selected\" options=\"form.dataModel.Location.options\" placeholder=\"'Type to Search'\">\n</smss-typeahead>\n<div smss-form-model=\"Demo_Status:\" class=\"smss-text\">{{item.model}}</div>\n<smss-typeahead model=\"form.dataModel.Demo_Status.selected\" options=\"form.dataModel.Demo_Status.options\" placeholder=\"'Type to Search'\">\n</smss-typeahead>\n<div smss-form-model=\"Submit\" class=\"form-builder__submit\" style=\"text-align: center;\"><smss-btn class=\"smss-btn--primary\" ng-click=\"form.runPixel(form.pixelModel.Update.pixel)\">{{item.model}}</smss-btn></div>\n","js":[],"css":[],"pixel":{"Update":{"name":"Update","pixel":"Database(database=[\"7f2d920d-ddcd-4294-82ab-379ae2e4a63b\"]) | Update(columns=[DEMO_TABLE__Opportunity_Name, DEMO_TABLE__Demo_Name, DEMO_TABLE__Presenter, DEMO_TABLE__Secondary_Presenter, DEMO_TABLE__Internal_POC, DEMO_TABLE__Scheduled_Date, DEMO_TABLE__Start_Time, DEMO_TABLE__End_Time, DEMO_TABLE__Virtual_Person, DEMO_TABLE__Location, DEMO_TABLE__Demo_Status], values=[(<Opportunity_Name>), (<Demo_Name>), (<Presenter>), (<Secondary_Presenter>), (<Internal_POC>), (<Scheduled_Date>), (<Start_Time>), (<End_Time>), (<Virtual_Person>), (<Location>), (<Demo_Status>)]) | Filter((DEMO_TABLE__Opportunity_Name == <Opportunity_Name.original>), (DEMO_TABLE__Demo_Name == <Demo_Name.original>), (DEMO_TABLE__Presenter == <Presenter.original>), (DEMO_TABLE__Secondary_Presenter == <Secondary_Presenter.original>), (DEMO_TABLE__Internal_POC == <Internal_POC.original>), (DEMO_TABLE__Scheduled_Date == <Scheduled_Date.original>), (DEMO_TABLE__Start_Time == <Start_Time.original>), (DEMO_TABLE__End_Time == <End_Time.original>), (DEMO_TABLE__Virtual_Person == <Virtual_Person.original>), (DEMO_TABLE__Location == <Location.original>), (DEMO_TABLE__Demo_Status == <Demo_Status.original>)) | ExecQuery();"}},"data":{"DemoID":{"name":"DemoID","options":[],"pixel":"Database( database=[\"7f2d920d-ddcd-4294-82ab-379ae2e4a63b\"] )|Select(DEMO_TABLE__DemoID).as([DemoID])|Collect(-1);","defaultValue":"","config":{"table":"DEMO_TABLE","app":{"value":"7f2d920d-ddcd-4294-82ab-379ae2e4a63b"}},"dependsOn":[],"required":true,"autoPopulate":false,"useFullList":true},"Demo_Name":{"name":"Demo_Name","options":[],"pixel":"Database( database=[\"7f2d920d-ddcd-4294-82ab-379ae2e4a63b\"] )|Select(DEMO_TABLE__Demo_Name).as([Demo_Name])|Filter(DEMO_TABLE__Opportunity_Name == <Opportunity_Name>)|Filter(DEMO_TABLE__DEMO_TABLE_UNIQUE_ROW_ID == <DEMO_TABLE_UNIQUE_ROW_ID>)|Collect(-1);","defaultValue":"","config":{"table":"DEMO_TABLE","app":{"value":"7f2d920d-ddcd-4294-82ab-379ae2e4a63b"}},"dependsOn":["Opportunity_Name","DEMO_TABLE_UNIQUE_ROW_ID"],"required":true,"autoPopulate":true,"useFullList":false},"Demo_Status":{"name":"Demo_Status","options":[],"pixel":"Database( database=[\"7f2d920d-ddcd-4294-82ab-379ae2e4a63b\"] )|Select(DEMO_TABLE__Demo_Status).as([Demo_Status])|Filter(DEMO_TABLE__DEMO_TABLE_UNIQUE_ROW_ID == <DEMO_TABLE_UNIQUE_ROW_ID>)|Collect(-1);","defaultValue":"","config":{"table":"DEMO_TABLE","app":{"value":"7f2d920d-ddcd-4294-82ab-379ae2e4a63b"}},"dependsOn":["DEMO_TABLE_UNIQUE_ROW_ID"],"required":true,"autoPopulate":true,"useFullList":false},"End_Time":{"name":"End_Time","options":[],"pixel":"Database( database=[\"7f2d920d-ddcd-4294-82ab-379ae2e4a63b\"] )|Select(DEMO_TABLE__End_Time).as([End_Time])|Filter(DEMO_TABLE__DEMO_TABLE_UNIQUE_ROW_ID == <DEMO_TABLE_UNIQUE_ROW_ID>)|Collect(-1);","defaultValue":"","config":{"table":"DEMO_TABLE","app":{"value":"7f2d920d-ddcd-4294-82ab-379ae2e4a63b"}},"dependsOn":["DEMO_TABLE_UNIQUE_ROW_ID"],"required":true,"autoPopulate":true,"useFullList":false},"Internal_POC":{"name":"Internal_POC","options":[],"pixel":"Database( database=[\"7f2d920d-ddcd-4294-82ab-379ae2e4a63b\"] )|Select(DEMO_TABLE__Internal_POC).as([Internal_POC])|Filter(DEMO_TABLE__DEMO_TABLE_UNIQUE_ROW_ID == <DEMO_TABLE_UNIQUE_ROW_ID>)|Collect(-1);","defaultValue":"","config":{"table":"DEMO_TABLE","app":{"value":"7f2d920d-ddcd-4294-82ab-379ae2e4a63b"}},"dependsOn":["DEMO_TABLE_UNIQUE_ROW_ID"],"required":true,"autoPopulate":true,"useFullList":false},"Location":{"name":"Location","options":[],"pixel":"Database( database=[\"7f2d920d-ddcd-4294-82ab-379ae2e4a63b\"] )|Select(DEMO_TABLE__Location).as([Location])|Filter(DEMO_TABLE__DEMO_TABLE_UNIQUE_ROW_ID == <DEMO_TABLE_UNIQUE_ROW_ID>)|Collect(-1);","defaultValue":"","config":{"table":"DEMO_TABLE","app":{"value":"7f2d920d-ddcd-4294-82ab-379ae2e4a63b"}},"dependsOn":["DEMO_TABLE_UNIQUE_ROW_ID"],"required":true,"autoPopulate":true,"useFullList":false},"Opportunity_Name":{"name":"Opportunity_Name","options":[],"pixel":"Database( database=[\"7f2d920d-ddcd-4294-82ab-379ae2e4a63b\"] )|Select(DEMO_TABLE__Opportunity_Name).as([Opportunity_Name])|Collect(-1);","defaultValue":"","config":{"table":"DEMO_TABLE","app":{"value":"7f2d920d-ddcd-4294-82ab-379ae2e4a63b"}},"dependsOn":[],"required":true,"autoPopulate":false,"useFullList":false},"Presenter":{"name":"Presenter","options":[],"pixel":"Database( database=[\"7f2d920d-ddcd-4294-82ab-379ae2e4a63b\"] )|Select(DEMO_TABLE__Presenter).as([Presenter])|Filter(DEMO_TABLE__DEMO_TABLE_UNIQUE_ROW_ID == <DEMO_TABLE_UNIQUE_ROW_ID>)|Collect(-1);","defaultValue":"","config":{"table":"DEMO_TABLE","app":{"value":"7f2d920d-ddcd-4294-82ab-379ae2e4a63b"}},"dependsOn":["DEMO_TABLE_UNIQUE_ROW_ID"],"required":true,"autoPopulate":true,"useFullList":false},"Secondary_Presenter":{"name":"Secondary_Presenter","options":[],"pixel":"Database( database=[\"7f2d920d-ddcd-4294-82ab-379ae2e4a63b\"] )|Select(DEMO_TABLE__Secondary_Presenter).as([Secondary_Presenter])|Filter(DEMO_TABLE__DEMO_TABLE_UNIQUE_ROW_ID == <DEMO_TABLE_UNIQUE_ROW_ID>)|Collect(-1);","defaultValue":"","config":{"table":"DEMO_TABLE","app":{"value":"7f2d920d-ddcd-4294-82ab-379ae2e4a63b"}},"dependsOn":["DEMO_TABLE_UNIQUE_ROW_ID"],"required":true,"autoPopulate":true,"useFullList":false},"Start_Time":{"name":"Start_Time","options":[],"pixel":"Database( database=[\"7f2d920d-ddcd-4294-82ab-379ae2e4a63b\"] )|Select(DEMO_TABLE__Start_Time).as([Start_Time])|Filter(DEMO_TABLE__DEMO_TABLE_UNIQUE_ROW_ID == <DEMO_TABLE_UNIQUE_ROW_ID>)|Collect(-1);","defaultValue":"","config":{"table":"DEMO_TABLE","app":{"value":"7f2d920d-ddcd-4294-82ab-379ae2e4a63b"}},"dependsOn":["DEMO_TABLE_UNIQUE_ROW_ID"],"required":true,"autoPopulate":true,"useFullList":false},"Virtual_Person":{"name":"Virtual_Person","options":[],"pixel":"Database( database=[\"7f2d920d-ddcd-4294-82ab-379ae2e4a63b\"] )|Select(DEMO_TABLE__Virtual_Person).as([Virtual_Person])|Filter(DEMO_TABLE__DEMO_TABLE_UNIQUE_ROW_ID == <DEMO_TABLE_UNIQUE_ROW_ID>)|Collect(-1);","defaultValue":"","config":{"table":"DEMO_TABLE","app":{"value":"7f2d920d-ddcd-4294-82ab-379ae2e4a63b"}},"dependsOn":["DEMO_TABLE_UNIQUE_ROW_ID"],"required":true,"autoPopulate":true,"useFullList":false},"DEMO_TABLE_UNIQUE_ROW_ID":{"name":"DEMO_TABLE_UNIQUE_ROW_ID","options":[],"pixel":"Database( database=[\"7f2d920d-ddcd-4294-82ab-379ae2e4a63b\"] )|Select(DEMO_TABLE__DEMO_TABLE_UNIQUE_ROW_ID).as([DEMO_TABLE_UNIQUE_ROW_ID])|Collect(-1);","defaultValue":"","config":{"table":"DEMO_TABLE","app":{"value":"7f2d920d-ddcd-4294-82ab-379ae2e4a63b"}},"dependsOn":[],"required":true,"autoPopulate":false,"useFullList":true},"Scheduled_Date":{"name":"Scheduled_Date","options":[],"pixel":"Database( database=[\"7f2d920d-ddcd-4294-82ab-379ae2e4a63b\"] )|Select(DEMO_TABLE__Scheduled_Date).as([Scheduled_Date])|Filter(DEMO_TABLE__DEMO_TABLE_UNIQUE_ROW_ID == <DEMO_TABLE_UNIQUE_ROW_ID>)|Collect(-1);","defaultValue":"","config":{"table":"DEMO_TABLE","app":{"value":"7f2d920d-ddcd-4294-82ab-379ae2e4a63b"}},"dependsOn":["DEMO_TABLE_UNIQUE_ROW_ID"],"required":true,"autoPopulate":true,"useFullList":false}},"config":{"background":{"background-image":"","background-size":"","background-position":"","background-color":"","background-repeat":""}},"id":"346167"}}},"config":{},"ornaments":{},"events":{},"comments":{},"position":{},"filters":[],"order":[],"cbv":[]}],"tasks":{"tasks":[],"taskCounter":0},"recipe":["AddPanel ( 0 ) ;","Panel ( 0 ) | SetPanelView ( \"form-builder\" , \"<encode>{\"json\":{\"html\":\"<h3 smss-form-model=\\\"Update a Scheduled Demo\\\">{{item.model}}</h3>\\n<div smss-form-model=\\\"Due to a limiting factor in forms the following fields which would normally be dropdowns are free text: Demo Name, Presenter, Virtual, In Person, or Both, and Demo Status\\\" class=\\\"smss-text\\\">{{item.model}}</div>\\n<hr>\\n<div class=\\\"smss-text\\\" smss-form-model=\\\"Scheduled Demo ID:\\\">{{item.model}}</div>\\n<smss-dropdown model=\\\"form.dataModel.DEMO_TABLE_UNIQUE_ROW_ID.selected\\\" options=\\\"form.dataModel.DEMO_TABLE_UNIQUE_ROW_ID.options\\\" placeholder=\\\"Select One\\\">\\n</smss-dropdown>\\n<div smss-form-model=\\\"Opportunity_Name:\\\" class=\\\"smss-text\\\">{{item.model}}</div>\\n<smss-dropdown model=\\\"form.dataModel.Opportunity_Name.selected\\\" options=\\\"form.dataModel.Opportunity_Name.options\\\" placeholder=\\\"Select One\\\">\\n</smss-dropdown>\\n<div smss-form-model=\\\"Demo_Name:\\\" class=\\\"smss-text\\\">{{item.model}}</div>\\n<smss-typeahead model=\\\"form.dataModel.Demo_Name.selected\\\" options=\\\"form.dataModel.Demo_Name.options\\\" placeholder=\\\"'Type to Search'\\\">\\n</smss-typeahead>\\n<div smss-form-model=\\\"Presenter:\\\" class=\\\"smss-text\\\">{{item.model}}</div>\\n<smss-typeahead model=\\\"form.dataModel.Presenter.selected\\\" options=\\\"form.dataModel.Presenter.options\\\" placeholder=\\\"'Type to Search'\\\">\\n</smss-typeahead>\\n<div smss-form-model=\\\"Secondary_Presenter:\\\" class=\\\"smss-text\\\">{{item.model}}</div>\\n<smss-typeahead model=\\\"form.dataModel.Secondary_Presenter.selected\\\" options=\\\"form.dataModel.Secondary_Presenter.options\\\" placeholder=\\\"'Type to Search'\\\">\\n</smss-typeahead>\\n<div smss-form-model=\\\"Internal_POC:\\\" class=\\\"smss-text\\\">{{item.model}}</div>\\n<smss-typeahead model=\\\"form.dataModel.Internal_POC.selected\\\" options=\\\"form.dataModel.Internal_POC.options\\\" placeholder=\\\"'Type to Search'\\\">\\n</smss-typeahead>\\n<div smss-form-model=\\\"Scheduled_Date:\\\" class=\\\"smss-text\\\">{{item.model}}</div>\\n<smss-date-picker model=\\\"form.dataModel.Scheduled_Date.selected\\\" format=\\\"YYYY-MM-DD\\\"></smss-date-picker>\\n<div smss-form-model=\\\"Start_Time:\\\" class=\\\"smss-text\\\">{{item.model}}</div>\\n<smss-input ng-model=\\\"form.dataModel.Start_Time.selected\\\"></smss-input>\\n<div smss-form-model=\\\"End_Time:\\\" class=\\\"smss-text\\\">{{item.model}}</div>\\n<smss-input ng-model=\\\"form.dataModel.End_Time.selected\\\"></smss-input>\\n<div smss-form-model=\\\"Virtual, In Person, or Both:\\\" class=\\\"smss-text\\\">{{item.model}}</div>\\n<smss-typeahead model=\\\"form.dataModel.Virtual_Person.selected\\\" options=\\\"form.dataModel.Virtual_Person.options\\\" placeholder=\\\"'Type to Search'\\\">\\n</smss-typeahead>\\n<div smss-form-model=\\\"Location:\\\" class=\\\"smss-text\\\">{{item.model}}</div>\\n<smss-typeahead model=\\\"form.dataModel.Location.selected\\\" options=\\\"form.dataModel.Location.options\\\" placeholder=\\\"'Type to Search'\\\">\\n</smss-typeahead>\\n<div smss-form-model=\\\"Demo_Status:\\\" class=\\\"smss-text\\\">{{item.model}}</div>\\n<smss-typeahead model=\\\"form.dataModel.Demo_Status.selected\\\" options=\\\"form.dataModel.Demo_Status.options\\\" placeholder=\\\"'Type to Search'\\\">\\n</smss-typeahead>\\n<div smss-form-model=\\\"Submit\\\" class=\\\"form-builder__submit\\\" style=\\\"text-align: center;\\\"><smss-btn class=\\\"smss-btn--primary\\\" ng-click=\\\"form.runPixel(form.pixelModel.Update.pixel)\\\">{{item.model}}</smss-btn></div>\\n\",\"js\":[],\"css\":[],\"pixel\":{\"Update\":{\"name\":\"Update\",\"pixel\":\"Database(database=[\\\"7f2d920d-ddcd-4294-82ab-379ae2e4a63b\\\"]) | Update(columns=[DEMO_TABLE__Opportunity_Name, DEMO_TABLE__Demo_Name, DEMO_TABLE__Presenter, DEMO_TABLE__Secondary_Presenter, DEMO_TABLE__Internal_POC, DEMO_TABLE__Scheduled_Date, DEMO_TABLE__Start_Time, DEMO_TABLE__End_Time, DEMO_TABLE__Virtual_Person, DEMO_TABLE__Location, DEMO_TABLE__Demo_Status], values=[(<Opportunity_Name>), (<Demo_Name>), (<Presenter>), (<Secondary_Presenter>), (<Internal_POC>), (<Scheduled_Date>), (<Start_Time>), (<End_Time>), (<Virtual_Person>), (<Location>), (<Demo_Status>)]) | Filter((DEMO_TABLE__Opportunity_Name == <Opportunity_Name.original>), (DEMO_TABLE__Demo_Name == <Demo_Name.original>), (DEMO_TABLE__Presenter == <Presenter.original>), (DEMO_TABLE__Secondary_Presenter == <Secondary_Presenter.original>), (DEMO_TABLE__Internal_POC == <Internal_POC.original>), (DEMO_TABLE__Scheduled_Date == <Scheduled_Date.original>), (DEMO_TABLE__Start_Time == <Start_Time.original>), (DEMO_TABLE__End_Time == <End_Time.original>), (DEMO_TABLE__Virtual_Person == <Virtual_Person.original>), (DEMO_TABLE__Location == <Location.original>), (DEMO_TABLE__Demo_Status == <Demo_Status.original>)) | ExecQuery();\"}},\"data\":{\"DemoID\":{\"name\":\"DemoID\",\"options\":[],\"pixel\":\"Database( database=[\\\"7f2d920d-ddcd-4294-82ab-379ae2e4a63b\\\"] )|Select(DEMO_TABLE__DemoID).as([DemoID])|Collect(-1);\",\"defaultValue\":\"\",\"config\":{\"table\":\"DEMO_TABLE\",\"app\":{\"value\":\"7f2d920d-ddcd-4294-82ab-379ae2e4a63b\"}},\"dependsOn\":[],\"required\":true,\"autoPopulate\":false,\"useFullList\":true},\"Demo_Name\":{\"name\":\"Demo_Name\",\"options\":[],\"pixel\":\"Database( database=[\\\"7f2d920d-ddcd-4294-82ab-379ae2e4a63b\\\"] )|Select(DEMO_TABLE__Demo_Name).as([Demo_Name])|Filter(DEMO_TABLE__Opportunity_Name == <Opportunity_Name>)|Filter(DEMO_TABLE__DEMO_TABLE_UNIQUE_ROW_ID == <DEMO_TABLE_UNIQUE_ROW_ID>)|Collect(-1);\",\"defaultValue\":\"\",\"config\":{\"table\":\"DEMO_TABLE\",\"app\":{\"value\":\"7f2d920d-ddcd-4294-82ab-379ae2e4a63b\"}},\"dependsOn\":[\"Opportunity_Name\",\"DEMO_TABLE_UNIQUE_ROW_ID\"],\"required\":true,\"autoPopulate\":true,\"useFullList\":false},\"Demo_Status\":{\"name\":\"Demo_Status\",\"options\":[],\"pixel\":\"Database( database=[\\\"7f2d920d-ddcd-4294-82ab-379ae2e4a63b\\\"] )|Select(DEMO_TABLE__Demo_Status).as([Demo_Status])|Filter(DEMO_TABLE__DEMO_TABLE_UNIQUE_ROW_ID == <DEMO_TABLE_UNIQUE_ROW_ID>)|Collect(-1);\",\"defaultValue\":\"\",\"config\":{\"table\":\"DEMO_TABLE\",\"app\":{\"value\":\"7f2d920d-ddcd-4294-82ab-379ae2e4a63b\"}},\"dependsOn\":[\"DEMO_TABLE_UNIQUE_ROW_ID\"],\"required\":true,\"autoPopulate\":true,\"useFullList\":false},\"End_Time\":{\"name\":\"End_Time\",\"options\":[],\"pixel\":\"Database( database=[\\\"7f2d920d-ddcd-4294-82ab-379ae2e4a63b\\\"] )|Select(DEMO_TABLE__End_Time).as([End_Time])|Filter(DEMO_TABLE__DEMO_TABLE_UNIQUE_ROW_ID == <DEMO_TABLE_UNIQUE_ROW_ID>)|Collect(-1);\",\"defaultValue\":\"\",\"config\":{\"table\":\"DEMO_TABLE\",\"app\":{\"value\":\"7f2d920d-ddcd-4294-82ab-379ae2e4a63b\"}},\"dependsOn\":[\"DEMO_TABLE_UNIQUE_ROW_ID\"],\"required\":true,\"autoPopulate\":true,\"useFullList\":false},\"Internal_POC\":{\"name\":\"Internal_POC\",\"options\":[],\"pixel\":\"Database( database=[\\\"7f2d920d-ddcd-4294-82ab-379ae2e4a63b\\\"] )|Select(DEMO_TABLE__Internal_POC).as([Internal_POC])|Filter(DEMO_TABLE__DEMO_TABLE_UNIQUE_ROW_ID == <DEMO_TABLE_UNIQUE_ROW_ID>)|Collect(-1);\",\"defaultValue\":\"\",\"config\":{\"table\":\"DEMO_TABLE\",\"app\":{\"value\":\"7f2d920d-ddcd-4294-82ab-379ae2e4a63b\"}},\"dependsOn\":[\"DEMO_TABLE_UNIQUE_ROW_ID\"],\"required\":true,\"autoPopulate\":true,\"useFullList\":false},\"Location\":{\"name\":\"Location\",\"options\":[],\"pixel\":\"Database( database=[\\\"7f2d920d-ddcd-4294-82ab-379ae2e4a63b\\\"] )|Select(DEMO_TABLE__Location).as([Location])|Filter(DEMO_TABLE__DEMO_TABLE_UNIQUE_ROW_ID == <DEMO_TABLE_UNIQUE_ROW_ID>)|Collect(-1);\",\"defaultValue\":\"\",\"config\":{\"table\":\"DEMO_TABLE\",\"app\":{\"value\":\"7f2d920d-ddcd-4294-82ab-379ae2e4a63b\"}},\"dependsOn\":[\"DEMO_TABLE_UNIQUE_ROW_ID\"],\"required\":true,\"autoPopulate\":true,\"useFullList\":false},\"Opportunity_Name\":{\"name\":\"Opportunity_Name\",\"options\":[],\"pixel\":\"Database( database=[\\\"7f2d920d-ddcd-4294-82ab-379ae2e4a63b\\\"] )|Select(DEMO_TABLE__Opportunity_Name).as([Opportunity_Name])|Collect(-1);\",\"defaultValue\":\"\",\"config\":{\"table\":\"DEMO_TABLE\",\"app\":{\"value\":\"7f2d920d-ddcd-4294-82ab-379ae2e4a63b\"}},\"dependsOn\":[],\"required\":true,\"autoPopulate\":false,\"useFullList\":false},\"Presenter\":{\"name\":\"Presenter\",\"options\":[],\"pixel\":\"Database( database=[\\\"7f2d920d-ddcd-4294-82ab-379ae2e4a63b\\\"] )|Select(DEMO_TABLE__Presenter).as([Presenter])|Filter(DEMO_TABLE__DEMO_TABLE_UNIQUE_ROW_ID == <DEMO_TABLE_UNIQUE_ROW_ID>)|Collect(-1);\",\"defaultValue\":\"\",\"config\":{\"table\":\"DEMO_TABLE\",\"app\":{\"value\":\"7f2d920d-ddcd-4294-82ab-379ae2e4a63b\"}},\"dependsOn\":[\"DEMO_TABLE_UNIQUE_ROW_ID\"],\"required\":true,\"autoPopulate\":true,\"useFullList\":false},\"Secondary_Presenter\":{\"name\":\"Secondary_Presenter\",\"options\":[],\"pixel\":\"Database( database=[\\\"7f2d920d-ddcd-4294-82ab-379ae2e4a63b\\\"] )|Select(DEMO_TABLE__Secondary_Presenter).as([Secondary_Presenter])|Filter(DEMO_TABLE__DEMO_TABLE_UNIQUE_ROW_ID == <DEMO_TABLE_UNIQUE_ROW_ID>)|Collect(-1);\",\"defaultValue\":\"\",\"config\":{\"table\":\"DEMO_TABLE\",\"app\":{\"value\":\"7f2d920d-ddcd-4294-82ab-379ae2e4a63b\"}},\"dependsOn\":[\"DEMO_TABLE_UNIQUE_ROW_ID\"],\"required\":true,\"autoPopulate\":true,\"useFullList\":false},\"Start_Time\":{\"name\":\"Start_Time\",\"options\":[],\"pixel\":\"Database( database=[\\\"7f2d920d-ddcd-4294-82ab-379ae2e4a63b\\\"] )|Select(DEMO_TABLE__Start_Time).as([Start_Time])|Filter(DEMO_TABLE__DEMO_TABLE_UNIQUE_ROW_ID == <DEMO_TABLE_UNIQUE_ROW_ID>)|Collect(-1);\",\"defaultValue\":\"\",\"config\":{\"table\":\"DEMO_TABLE\",\"app\":{\"value\":\"7f2d920d-ddcd-4294-82ab-379ae2e4a63b\"}},\"dependsOn\":[\"DEMO_TABLE_UNIQUE_ROW_ID\"],\"required\":true,\"autoPopulate\":true,\"useFullList\":false},\"Virtual_Person\":{\"name\":\"Virtual_Person\",\"options\":[],\"pixel\":\"Database( database=[\\\"7f2d920d-ddcd-4294-82ab-379ae2e4a63b\\\"] )|Select(DEMO_TABLE__Virtual_Person).as([Virtual_Person])|Filter(DEMO_TABLE__DEMO_TABLE_UNIQUE_ROW_ID == <DEMO_TABLE_UNIQUE_ROW_ID>)|Collect(-1);\",\"defaultValue\":\"\",\"config\":{\"table\":\"DEMO_TABLE\",\"app\":{\"value\":\"7f2d920d-ddcd-4294-82ab-379ae2e4a63b\"}},\"dependsOn\":[\"DEMO_TABLE_UNIQUE_ROW_ID\"],\"required\":true,\"autoPopulate\":true,\"useFullList\":false},\"DEMO_TABLE_UNIQUE_ROW_ID\":{\"name\":\"DEMO_TABLE_UNIQUE_ROW_ID\",\"options\":[],\"pixel\":\"Database( database=[\\\"7f2d920d-ddcd-4294-82ab-379ae2e4a63b\\\"] )|Select(DEMO_TABLE__DEMO_TABLE_UNIQUE_ROW_ID).as([DEMO_TABLE_UNIQUE_ROW_ID])|Collect(-1);\",\"defaultValue\":\"\",\"config\":{\"table\":\"DEMO_TABLE\",\"app\":{\"value\":\"7f2d920d-ddcd-4294-82ab-379ae2e4a63b\"}},\"dependsOn\":[],\"required\":true,\"autoPopulate\":false,\"useFullList\":true},\"Scheduled_Date\":{\"name\":\"Scheduled_Date\",\"options\":[],\"pixel\":\"Database( database=[\\\"7f2d920d-ddcd-4294-82ab-379ae2e4a63b\\\"] )|Select(DEMO_TABLE__Scheduled_Date).as([Scheduled_Date])|Filter(DEMO_TABLE__DEMO_TABLE_UNIQUE_ROW_ID == <DEMO_TABLE_UNIQUE_ROW_ID>)|Collect(-1);\",\"defaultValue\":\"\",\"config\":{\"table\":\"DEMO_TABLE\",\"app\":{\"value\":\"7f2d920d-ddcd-4294-82ab-379ae2e4a63b\"}},\"dependsOn\":[\"DEMO_TABLE_UNIQUE_ROW_ID\"],\"required\":true,\"autoPopulate\":true,\"useFullList\":false}},\"config\":{\"background\":{\"background-image\":\"\",\"background-size\":\"\",\"background-position\":\"\",\"background-color\":\"\",\"background-repeat\":\"\"}},\"id\":\"346167\"}}</encode>\" ) ;"]}