{"insightID":"b33d9b56-38cf-4e98-80cd-784e4767f9e1","pixelReturn":[{"pixelExpression":"CachedPanel ( \"0\" ) ;","isMeta":false,"output":{"panelId":"0","view":"form-builder","viewOptions":"{\"json\":{\"html\":\"<h3 smss-form-model=\\\"Schedule a Demo\\\">{{item.model}}</h3>\\n<div smss-form-model=\\\"To schedule a demo you must have filled out the \\\" add=\\\"\\\" a=\\\"\\\" new=\\\"\\\" opportunity=\\\"\\\" (no=\\\"\\\" demo=\\\"\\\" yet)\\\"=\\\"\\\" form.\\\"=\\\"\\\" class=\\\"smss-text\\\">{{item.model}}</div>\\n<hr>\\n<div smss-form-model=\\\"Opportunity_Name:\\\" class=\\\"smss-text\\\">{{item.model}}</div>\\n<smss-dropdown model=\\\"form.dataModel.Opportunity_Name.selected\\\" options=\\\"form.dataModel.Opportunity_Name.options\\\" placeholder=\\\"Select One\\\">\\n</smss-dropdown>\\n<div smss-form-model=\\\"Demo_Name:\\\" class=\\\"smss-text\\\">{{item.model}}</div>\\n<smss-dropdown model=\\\"form.dataModel.Demo_Name.selected\\\" options=\\\"form.dataModel.Demo_Name.options\\\" placeholder=\\\"Select One\\\">\\n</smss-dropdown>\\n<div smss-form-model=\\\"Presenter:\\\" class=\\\"smss-text\\\">{{item.model}}</div>\\n<smss-dropdown model=\\\"form.dataModel.Presenter.selected\\\" options=\\\"form.dataModel.Presenter.options\\\" placeholder=\\\"Select One\\\">\\n</smss-dropdown>\\n<div smss-form-model=\\\"Secondary_Presenter:\\\" class=\\\"smss-text\\\">{{item.model}}</div>\\n<smss-typeahead model=\\\"form.dataModel.Secondary_Presenter.selected\\\" options=\\\"form.dataModel.Secondary_Presenter.options\\\" placeholder=\\\"'Type to Search'\\\">\\n</smss-typeahead>\\n<div smss-form-model=\\\"Internal_POC:\\\" class=\\\"smss-text\\\">{{item.model}}</div>\\n<smss-input ng-model=\\\"form.dataModel.Internal_POC.selected\\\"></smss-input>\\n<div smss-form-model=\\\"Scheduled_Date:\\\" class=\\\"smss-text\\\">{{item.model}}</div>\\n<smss-date-picker model=\\\"form.dataModel.Scheduled_Date.selected\\\" format=\\\"YYYY-MM-DD\\\"></smss-date-picker>\\n<div smss-form-model=\\\"Start_Time:\\\" class=\\\"smss-text\\\">{{item.model}}</div>\\n<smss-input ng-model=\\\"form.dataModel.Start_Time.selected\\\"></smss-input>\\n<div smss-form-model=\\\"End_Time:\\\" class=\\\"smss-text\\\">{{item.model}}</div>\\n<smss-input ng-model=\\\"form.dataModel.End_Time.selected\\\"></smss-input>\\n<div smss-form-model=\\\"Virtual or in Person:\\\" class=\\\"smss-text\\\">{{item.model}}</div>\\n<smss-dropdown model=\\\"form.dataModel.Virtual_Person.selected\\\" options=\\\"form.dataModel.Virtual_Person.options\\\" placeholder=\\\"Select One\\\">\\n</smss-dropdown>\\n<div smss-form-model=\\\"Location:\\\" class=\\\"smss-text\\\">{{item.model}}</div>\\n<smss-typeahead model=\\\"form.dataModel.Location.selected\\\" options=\\\"form.dataModel.Location.options\\\" placeholder=\\\"'Type to Search'\\\">\\n</smss-typeahead>\\n<div smss-form-model=\\\"Demo_Status:\\\" class=\\\"smss-text\\\">{{item.model}}</div>\\n<smss-dropdown model=\\\"form.dataModel.Demo_Status.selected\\\" options=\\\"form.dataModel.Demo_Status.options\\\" placeholder=\\\"Select One\\\">\\n</smss-dropdown>\\n<div smss-form-model=\\\"Submit\\\" class=\\\"form-builder__submit\\\" style=\\\"text-align: center;\\\"><smss-btn class=\\\"smss-btn--primary\\\" ng-click=\\\"form.runPixel(form.pixelModel.Insert.pixel)\\\">{{item.model}}</smss-btn></div>\\n\",\"js\":[],\"css\":[],\"pixel\":{\"Insert\":{\"name\":\"Insert\",\"pixel\":\"Database(database=[\\\"7f2d920d-ddcd-4294-82ab-379ae2e4a63b\\\"]) | Insert(into=[DEMO_TABLE__Opportunity_Name, DEMO_TABLE__Demo_Name, DEMO_TABLE__Presenter, DEMO_TABLE__Secondary_Presenter, DEMO_TABLE__Internal_POC, DEMO_TABLE__Scheduled_Date, DEMO_TABLE__Start_Time, DEMO_TABLE__End_Time, DEMO_TABLE__Virtual_Person, DEMO_TABLE__Location, DEMO_TABLE__Demo_Status], values=[(<Opportunity_Name>), (<Demo_Name>), (<Presenter>), (<Secondary_Presenter>), (<Internal_POC>), (<Scheduled_Date>), (<Start_Time>), (<End_Time>), (<Virtual_Person>), (<Location>), (<Demo_Status>)]);\"}},\"data\":{\"DemoID\":{\"name\":\"DemoID\",\"options\":[],\"pixel\":\"Database( database=[\\\"7f2d920d-ddcd-4294-82ab-379ae2e4a63b\\\"] )|Select(DEMO_TABLE__DemoID).as([DemoID])|Collect(-1);\",\"defaultValue\":\"\",\"config\":{\"table\":\"DEMO_TABLE\",\"app\":{\"value\":\"7f2d920d-ddcd-4294-82ab-379ae2e4a63b\"}},\"dependsOn\":[],\"required\":true,\"autoPopulate\":false,\"useFullList\":true},\"Demo_Name\":{\"name\":\"Demo_Name\",\"options\":[],\"pixel\":\"Database( database=[\\\"7f2d920d-ddcd-4294-82ab-379ae2e4a63b\\\"] )|Select(DEMO_TABLE__Demo_Name).as([Demo_Name])|Collect(-1);\",\"defaultValue\":\"\",\"config\":{\"table\":\"DEMO_TABLE\",\"app\":{\"value\":\"7f2d920d-ddcd-4294-82ab-379ae2e4a63b\"}},\"dependsOn\":[],\"required\":true,\"autoPopulate\":false,\"useFullList\":true},\"Demo_Status\":{\"name\":\"Demo_Status\",\"options\":[],\"pixel\":\"\",\"defaultValue\":\"\",\"config\":{\"table\":\"DEMO_TABLE\",\"app\":{\"value\":\"7f2d920d-ddcd-4294-82ab-379ae2e4a63b\"}},\"dependsOn\":[],\"required\":true,\"autoPopulate\":false,\"valuePixel\":\"\",\"manualOptions\":\"Demo Requested, Demo Scheduled, Demo Completed,  Demo Follow-Up, Demo Canceled,\",\"useFullList\":true},\"End_Time\":{\"name\":\"End_Time\",\"options\":[],\"pixel\":\"Database( database=[\\\"7f2d920d-ddcd-4294-82ab-379ae2e4a63b\\\"] )|Select(DEMO_TABLE__End_Time).as([End_Time])|Collect(-1);\",\"defaultValue\":\"\",\"config\":{\"table\":\"DEMO_TABLE\",\"app\":{\"value\":\"7f2d920d-ddcd-4294-82ab-379ae2e4a63b\"}},\"dependsOn\":[],\"required\":true,\"autoPopulate\":false,\"useFullList\":true},\"Internal_POC\":{\"name\":\"Internal_POC\",\"options\":[],\"pixel\":\"Database( database=[\\\"7f2d920d-ddcd-4294-82ab-379ae2e4a63b\\\"] )|Select(DEMO_TABLE__Internal_POC).as([Internal_POC])|Collect(-1);\",\"defaultValue\":\"\",\"config\":{\"table\":\"DEMO_TABLE\",\"app\":{\"value\":\"7f2d920d-ddcd-4294-82ab-379ae2e4a63b\"}},\"dependsOn\":[],\"required\":true,\"autoPopulate\":false,\"useFullList\":true},\"Location\":{\"name\":\"Location\",\"options\":[],\"pixel\":\"Database( database=[\\\"7f2d920d-ddcd-4294-82ab-379ae2e4a63b\\\"] )|Select(DEMO_TABLE__Location).as([Location])|Collect(-1);\",\"defaultValue\":\"\",\"config\":{\"table\":\"DEMO_TABLE\",\"app\":{\"value\":\"7f2d920d-ddcd-4294-82ab-379ae2e4a63b\"}},\"dependsOn\":[],\"required\":true,\"autoPopulate\":false,\"useFullList\":true},\"Opportunity_Name\":{\"name\":\"Opportunity_Name\",\"options\":[],\"pixel\":\"Database( database=[\\\"7f2d920d-ddcd-4294-82ab-379ae2e4a63b\\\"] )|Select(OPPORTUNITY_TABLE__Opportunity_Name).as([Opportunity_Name])|Collect(-1);\",\"defaultValue\":\"\",\"config\":{\"table\":\"DEMO_TABLE\",\"app\":{\"value\":\"7f2d920d-ddcd-4294-82ab-379ae2e4a63b\"}},\"dependsOn\":[],\"required\":true,\"autoPopulate\":false,\"valuePixel\":\"\",\"useFullList\":true},\"Presenter\":{\"name\":\"Presenter\",\"options\":[],\"pixel\":\"Database( database=[\\\"7f2d920d-ddcd-4294-82ab-379ae2e4a63b\\\"] )|Select(DEMOS_AVAILABLE__Presenter).as([Presenter])|Collect(-1);\",\"defaultValue\":\"\",\"config\":{\"table\":\"DEMO_TABLE\",\"app\":{\"value\":\"7f2d920d-ddcd-4294-82ab-379ae2e4a63b\"}},\"dependsOn\":[],\"required\":true,\"autoPopulate\":false,\"valuePixel\":\"\",\"useFullList\":true},\"Secondary_Presenter\":{\"name\":\"Secondary_Presenter\",\"options\":[],\"pixel\":\"Database( database=[\\\"7f2d920d-ddcd-4294-82ab-379ae2e4a63b\\\"] )|Select(DEMO_TABLE__Secondary_Presenter).as([Secondary_Presenter])|Collect(-1);\",\"defaultValue\":\"\",\"config\":{\"table\":\"DEMO_TABLE\",\"app\":{\"value\":\"7f2d920d-ddcd-4294-82ab-379ae2e4a63b\"}},\"dependsOn\":[],\"required\":true,\"autoPopulate\":false,\"useFullList\":true},\"Start_Time\":{\"name\":\"Start_Time\",\"options\":[],\"pixel\":\"Database( database=[\\\"7f2d920d-ddcd-4294-82ab-379ae2e4a63b\\\"] )|Select(DEMO_TABLE__Start_Time).as([Start_Time])|Collect(-1);\",\"defaultValue\":\"\",\"config\":{\"table\":\"DEMO_TABLE\",\"app\":{\"value\":\"7f2d920d-ddcd-4294-82ab-379ae2e4a63b\"}},\"dependsOn\":[],\"required\":true,\"autoPopulate\":false,\"useFullList\":true},\"Virtual_Person\":{\"name\":\"Virtual_Person\",\"options\":[],\"pixel\":\"\",\"defaultValue\":\"\",\"config\":{\"table\":\"DEMO_TABLE\",\"app\":{\"value\":\"7f2d920d-ddcd-4294-82ab-379ae2e4a63b\"}},\"dependsOn\":[],\"required\":true,\"autoPopulate\":false,\"valuePixel\":\"\",\"manualOptions\":\"Virtual, In Person, Both\",\"useFullList\":true},\"DEMO_TABLE_UNIQUE_ROW_ID\":{\"name\":\"DEMO_TABLE_UNIQUE_ROW_ID\",\"options\":[],\"pixel\":\"Database( database=[\\\"7f2d920d-ddcd-4294-82ab-379ae2e4a63b\\\"] )|Select(DEMO_TABLE__DEMO_TABLE_UNIQUE_ROW_ID).as([DEMO_TABLE_UNIQUE_ROW_ID])|Collect(-1);\",\"defaultValue\":\"\",\"config\":{\"table\":\"DEMO_TABLE\",\"app\":{\"value\":\"7f2d920d-ddcd-4294-82ab-379ae2e4a63b\"}},\"dependsOn\":[],\"required\":true,\"autoPopulate\":false,\"useFullList\":true},\"Scheduled_Date\":{\"name\":\"Scheduled_Date\",\"options\":[],\"pixel\":\"Database( database=[\\\"7f2d920d-ddcd-4294-82ab-379ae2e4a63b\\\"] )|Select(DEMO_TABLE__Scheduled_Date).as([Scheduled_Date])|Collect(-1);\",\"defaultValue\":\"\",\"config\":{\"table\":\"DEMO_TABLE\",\"app\":{\"value\":\"7f2d920d-ddcd-4294-82ab-379ae2e4a63b\"}},\"dependsOn\":[],\"required\":true,\"autoPopulate\":false,\"useFullList\":true}},\"config\":{\"background\":{\"background-image\":\"\",\"background-size\":\"\",\"background-position\":\"\",\"background-color\":\"\",\"background-repeat\":\"\"}},\"id\":\"851680\"}}","viewOptionsMap":{"form-builder":{"json":{"html":"<h3 smss-form-model=\"Schedule a Demo\">{{item.model}}</h3>\n<div smss-form-model=\"To schedule a demo you must have filled out the \" add=\"\" a=\"\" new=\"\" opportunity=\"\" (no=\"\" demo=\"\" yet)\"=\"\" form.\"=\"\" class=\"smss-text\">{{item.model}}</div>\n<hr>\n<div smss-form-model=\"Opportunity_Name:\" class=\"smss-text\">{{item.model}}</div>\n<smss-dropdown model=\"form.dataModel.Opportunity_Name.selected\" options=\"form.dataModel.Opportunity_Name.options\" placeholder=\"Select One\">\n</smss-dropdown>\n<div smss-form-model=\"Demo_Name:\" class=\"smss-text\">{{item.model}}</div>\n<smss-dropdown model=\"form.dataModel.Demo_Name.selected\" options=\"form.dataModel.Demo_Name.options\" placeholder=\"Select One\">\n</smss-dropdown>\n<div smss-form-model=\"Presenter:\" class=\"smss-text\">{{item.model}}</div>\n<smss-dropdown model=\"form.dataModel.Presenter.selected\" options=\"form.dataModel.Presenter.options\" placeholder=\"Select One\">\n</smss-dropdown>\n<div smss-form-model=\"Secondary_Presenter:\" class=\"smss-text\">{{item.model}}</div>\n<smss-typeahead model=\"form.dataModel.Secondary_Presenter.selected\" options=\"form.dataModel.Secondary_Presenter.options\" placeholder=\"'Type to Search'\">\n</smss-typeahead>\n<div smss-form-model=\"Internal_POC:\" class=\"smss-text\">{{item.model}}</div>\n<smss-input ng-model=\"form.dataModel.Internal_POC.selected\"></smss-input>\n<div smss-form-model=\"Scheduled_Date:\" class=\"smss-text\">{{item.model}}</div>\n<smss-date-picker model=\"form.dataModel.Scheduled_Date.selected\" format=\"YYYY-MM-DD\"></smss-date-picker>\n<div smss-form-model=\"Start_Time:\" class=\"smss-text\">{{item.model}}</div>\n<smss-input ng-model=\"form.dataModel.Start_Time.selected\"></smss-input>\n<div smss-form-model=\"End_Time:\" class=\"smss-text\">{{item.model}}</div>\n<smss-input ng-model=\"form.dataModel.End_Time.selected\"></smss-input>\n<div smss-form-model=\"Virtual or in Person:\" class=\"smss-text\">{{item.model}}</div>\n<smss-dropdown model=\"form.dataModel.Virtual_Person.selected\" options=\"form.dataModel.Virtual_Person.options\" placeholder=\"Select One\">\n</smss-dropdown>\n<div smss-form-model=\"Location:\" class=\"smss-text\">{{item.model}}</div>\n<smss-typeahead model=\"form.dataModel.Location.selected\" options=\"form.dataModel.Location.options\" placeholder=\"'Type to Search'\">\n</smss-typeahead>\n<div smss-form-model=\"Demo_Status:\" class=\"smss-text\">{{item.model}}</div>\n<smss-dropdown model=\"form.dataModel.Demo_Status.selected\" options=\"form.dataModel.Demo_Status.options\" placeholder=\"Select One\">\n</smss-dropdown>\n<div smss-form-model=\"Submit\" class=\"form-builder__submit\" style=\"text-align: center;\"><smss-btn class=\"smss-btn--primary\" ng-click=\"form.runPixel(form.pixelModel.Insert.pixel)\">{{item.model}}</smss-btn></div>\n","js":[],"css":[],"pixel":{"Insert":{"name":"Insert","pixel":"Database(database=[\"7f2d920d-ddcd-4294-82ab-379ae2e4a63b\"]) | Insert(into=[DEMO_TABLE__Opportunity_Name, DEMO_TABLE__Demo_Name, DEMO_TABLE__Presenter, DEMO_TABLE__Secondary_Presenter, DEMO_TABLE__Internal_POC, DEMO_TABLE__Scheduled_Date, DEMO_TABLE__Start_Time, DEMO_TABLE__End_Time, DEMO_TABLE__Virtual_Person, DEMO_TABLE__Location, DEMO_TABLE__Demo_Status], values=[(<Opportunity_Name>), (<Demo_Name>), (<Presenter>), (<Secondary_Presenter>), (<Internal_POC>), (<Scheduled_Date>), (<Start_Time>), (<End_Time>), (<Virtual_Person>), (<Location>), (<Demo_Status>)]);"}},"data":{"DemoID":{"name":"DemoID","options":[],"pixel":"Database( database=[\"7f2d920d-ddcd-4294-82ab-379ae2e4a63b\"] )|Select(DEMO_TABLE__DemoID).as([DemoID])|Collect(-1);","defaultValue":"","config":{"table":"DEMO_TABLE","app":{"value":"7f2d920d-ddcd-4294-82ab-379ae2e4a63b"}},"dependsOn":[],"required":true,"autoPopulate":false,"useFullList":true},"Demo_Name":{"name":"Demo_Name","options":[],"pixel":"Database( database=[\"7f2d920d-ddcd-4294-82ab-379ae2e4a63b\"] )|Select(DEMO_TABLE__Demo_Name).as([Demo_Name])|Collect(-1);","defaultValue":"","config":{"table":"DEMO_TABLE","app":{"value":"7f2d920d-ddcd-4294-82ab-379ae2e4a63b"}},"dependsOn":[],"required":true,"autoPopulate":false,"useFullList":true},"Demo_Status":{"name":"Demo_Status","options":[],"pixel":"","defaultValue":"","config":{"table":"DEMO_TABLE","app":{"value":"7f2d920d-ddcd-4294-82ab-379ae2e4a63b"}},"dependsOn":[],"required":true,"autoPopulate":false,"valuePixel":"","manualOptions":"Demo Requested, Demo Scheduled, Demo Completed,  Demo Follow-Up, Demo Canceled,","useFullList":true},"End_Time":{"name":"End_Time","options":[],"pixel":"Database( database=[\"7f2d920d-ddcd-4294-82ab-379ae2e4a63b\"] )|Select(DEMO_TABLE__End_Time).as([End_Time])|Collect(-1);","defaultValue":"","config":{"table":"DEMO_TABLE","app":{"value":"7f2d920d-ddcd-4294-82ab-379ae2e4a63b"}},"dependsOn":[],"required":true,"autoPopulate":false,"useFullList":true},"Internal_POC":{"name":"Internal_POC","options":[],"pixel":"Database( database=[\"7f2d920d-ddcd-4294-82ab-379ae2e4a63b\"] )|Select(DEMO_TABLE__Internal_POC).as([Internal_POC])|Collect(-1);","defaultValue":"","config":{"table":"DEMO_TABLE","app":{"value":"7f2d920d-ddcd-4294-82ab-379ae2e4a63b"}},"dependsOn":[],"required":true,"autoPopulate":false,"useFullList":true},"Location":{"name":"Location","options":[],"pixel":"Database( database=[\"7f2d920d-ddcd-4294-82ab-379ae2e4a63b\"] )|Select(DEMO_TABLE__Location).as([Location])|Collect(-1);","defaultValue":"","config":{"table":"DEMO_TABLE","app":{"value":"7f2d920d-ddcd-4294-82ab-379ae2e4a63b"}},"dependsOn":[],"required":true,"autoPopulate":false,"useFullList":true},"Opportunity_Name":{"name":"Opportunity_Name","options":[],"pixel":"Database( database=[\"7f2d920d-ddcd-4294-82ab-379ae2e4a63b\"] )|Select(OPPORTUNITY_TABLE__Opportunity_Name).as([Opportunity_Name])|Collect(-1);","defaultValue":"","config":{"table":"DEMO_TABLE","app":{"value":"7f2d920d-ddcd-4294-82ab-379ae2e4a63b"}},"dependsOn":[],"required":true,"autoPopulate":false,"valuePixel":"","useFullList":true},"Presenter":{"name":"Presenter","options":[],"pixel":"Database( database=[\"7f2d920d-ddcd-4294-82ab-379ae2e4a63b\"] )|Select(DEMOS_AVAILABLE__Presenter).as([Presenter])|Collect(-1);","defaultValue":"","config":{"table":"DEMO_TABLE","app":{"value":"7f2d920d-ddcd-4294-82ab-379ae2e4a63b"}},"dependsOn":[],"required":true,"autoPopulate":false,"valuePixel":"","useFullList":true},"Secondary_Presenter":{"name":"Secondary_Presenter","options":[],"pixel":"Database( database=[\"7f2d920d-ddcd-4294-82ab-379ae2e4a63b\"] )|Select(DEMO_TABLE__Secondary_Presenter).as([Secondary_Presenter])|Collect(-1);","defaultValue":"","config":{"table":"DEMO_TABLE","app":{"value":"7f2d920d-ddcd-4294-82ab-379ae2e4a63b"}},"dependsOn":[],"required":true,"autoPopulate":false,"useFullList":true},"Start_Time":{"name":"Start_Time","options":[],"pixel":"Database( database=[\"7f2d920d-ddcd-4294-82ab-379ae2e4a63b\"] )|Select(DEMO_TABLE__Start_Time).as([Start_Time])|Collect(-1);","defaultValue":"","config":{"table":"DEMO_TABLE","app":{"value":"7f2d920d-ddcd-4294-82ab-379ae2e4a63b"}},"dependsOn":[],"required":true,"autoPopulate":false,"useFullList":true},"Virtual_Person":{"name":"Virtual_Person","options":[],"pixel":"","defaultValue":"","config":{"table":"DEMO_TABLE","app":{"value":"7f2d920d-ddcd-4294-82ab-379ae2e4a63b"}},"dependsOn":[],"required":true,"autoPopulate":false,"valuePixel":"","manualOptions":"Virtual, In Person, Both","useFullList":true},"DEMO_TABLE_UNIQUE_ROW_ID":{"name":"DEMO_TABLE_UNIQUE_ROW_ID","options":[],"pixel":"Database( database=[\"7f2d920d-ddcd-4294-82ab-379ae2e4a63b\"] )|Select(DEMO_TABLE__DEMO_TABLE_UNIQUE_ROW_ID).as([DEMO_TABLE_UNIQUE_ROW_ID])|Collect(-1);","defaultValue":"","config":{"table":"DEMO_TABLE","app":{"value":"7f2d920d-ddcd-4294-82ab-379ae2e4a63b"}},"dependsOn":[],"required":true,"autoPopulate":false,"useFullList":true},"Scheduled_Date":{"name":"Scheduled_Date","options":[],"pixel":"Database( database=[\"7f2d920d-ddcd-4294-82ab-379ae2e4a63b\"] )|Select(DEMO_TABLE__Scheduled_Date).as([Scheduled_Date])|Collect(-1);","defaultValue":"","config":{"table":"DEMO_TABLE","app":{"value":"7f2d920d-ddcd-4294-82ab-379ae2e4a63b"}},"dependsOn":[],"required":true,"autoPopulate":false,"useFullList":true}},"config":{"background":{"background-image":"","background-size":"","background-position":"","background-color":"","background-repeat":""}},"id":"851680"}}},"config":{},"ornaments":{},"events":{},"comments":{},"position":{},"filters":[],"order":[],"cbv":[]},"operationType":["CACHED_PANEL"]}]}