{"insightID":"be6950e1-ba0a-4601-a1bc-47702d4afee2","pixelReturn":[{"pixelExpression":"CachedPanel ( \"0\" ) ;","isMeta":false,"output":{"panelId":"0","view":"form-builder","viewOptions":"{\"json\":{\"html\":\"<h3 smss-form-model=\\\"Add a Note or Action Item to an Existing Demo\\\">{{item.model}}</h3>\\n<div smss-form-model=\\\"Please use this form to add notes and action items on scheduled demos\\\" class=\\\"smss-text\\\">{{item.model}}</div>\\n<hr>\\n<div smss-form-model=\\\"Opportunity Name:\\\" class=\\\"smss-text\\\">{{item.model}}</div>\\n<smss-dropdown model=\\\"form.dataModel.Opportunity_Name.selected\\\" options=\\\"form.dataModel.Opportunity_Name.options\\\" placeholder=\\\"Select One\\\">\\n</smss-dropdown>\\n<div smss-form-model=\\\"Unique ID of Demo (Table Lookup on Right):\\\" class=\\\"smss-text\\\">{{item.model}}</div>\\n<smss-dropdown model=\\\"form.dataModel.DemoID2.selected\\\" options=\\\"form.dataModel.DemoID2.options\\\" placeholder=\\\"Select One\\\">\\n</smss-dropdown>\\n<div smss-form-model=\\\"Note or Action Item:\\\" class=\\\"smss-text\\\">{{item.model}}</div>\\n<smss-textarea ng-model=\\\"form.dataModel.Note.selected\\\"></smss-textarea>\\n<div smss-form-model=\\\"Status:\\\" class=\\\"smss-text\\\">{{item.model}}</div>\\n<smss-dropdown model=\\\"form.dataModel.Status.selected\\\" options=\\\"form.dataModel.Status.options\\\" placeholder=\\\"Select One\\\">\\n</smss-dropdown>\\n<div smss-form-model=\\\"Submit\\\" class=\\\"form-builder__submit\\\" style=\\\"text-align: center;\\\"><smss-btn class=\\\"smss-btn--primary\\\" ng-click=\\\"form.runPixel(form.pixelModel.Insert.pixel)\\\">{{item.model}}</smss-btn></div>\\n\",\"js\":[],\"css\":[],\"pixel\":{\"Insert\":{\"name\":\"Insert\",\"pixel\":\"date=DATE();Database(database=[\\\"7f2d920d-ddcd-4294-82ab-379ae2e4a63b\\\"]) | Insert(into=[DEMO_NOTES__DemoID, DEMO_NOTES__Note, DEMO_NOTES__Status, DEMO_NOTES__Date], values=[(<DemoID>), (<Note>), (<Status>),(date)]);\"}},\"data\":{\"DemoID\":{\"name\":\"DemoID\",\"options\":[],\"pixel\":\"Database( database=[\\\"7f2d920d-ddcd-4294-82ab-379ae2e4a63b\\\"] )|Select(DEMO_TABLE__DemoID).as([DemoID])|Collect(-1);\",\"defaultValue\":\"\",\"config\":{\"table\":\"DEMO_NOTES\",\"app\":{\"value\":\"7f2d920d-ddcd-4294-82ab-379ae2e4a63b\"}},\"dependsOn\":[\"Opportunity_Name\"],\"required\":true,\"autoPopulate\":false,\"useFullList\":true},\"Note\":{\"name\":\"Note\",\"options\":[],\"pixel\":\"Database( database=[\\\"7f2d920d-ddcd-4294-82ab-379ae2e4a63b\\\"] )|Select(DEMO_NOTES__Note).as([Note])|Collect(-1);\",\"defaultValue\":\"\",\"config\":{\"table\":\"DEMO_NOTES\",\"app\":{\"value\":\"7f2d920d-ddcd-4294-82ab-379ae2e4a63b\"}},\"dependsOn\":[],\"required\":true,\"autoPopulate\":false,\"useFullList\":true},\"Status\":{\"name\":\"Status\",\"options\":[],\"pixel\":\"\",\"defaultValue\":\"Not Started\",\"config\":{\"table\":\"DEMO_NOTES\",\"app\":{\"value\":\"7f2d920d-ddcd-4294-82ab-379ae2e4a63b\"}},\"dependsOn\":[],\"required\":true,\"autoPopulate\":false,\"valuePixel\":\"\",\"manualOptions\":\"Not Started,In Progress,Completed\",\"useFullList\":true},\"DEMO_NOTES_UNIQUE_ROW_ID\":{\"name\":\"DEMO_NOTES_UNIQUE_ROW_ID\",\"options\":[],\"pixel\":\"Database( database=[\\\"7f2d920d-ddcd-4294-82ab-379ae2e4a63b\\\"] )|Select(DEMO_NOTES__DEMO_NOTES_UNIQUE_ROW_ID).as([DEMO_NOTES_UNIQUE_ROW_ID])|Collect(-1);\",\"defaultValue\":\"\",\"config\":{\"table\":\"DEMO_NOTES\",\"app\":{\"value\":\"7f2d920d-ddcd-4294-82ab-379ae2e4a63b\"}},\"dependsOn\":[],\"required\":true,\"autoPopulate\":false,\"useFullList\":true},\"Date\":{\"name\":\"Date\",\"options\":[],\"pixel\":\"Database( database=[\\\"7f2d920d-ddcd-4294-82ab-379ae2e4a63b\\\"] )|Select(DEMO_NOTES__Date).as([Date])|Collect(-1);\",\"defaultValue\":\"\",\"config\":{\"table\":\"DEMO_NOTES\",\"app\":{\"value\":\"7f2d920d-ddcd-4294-82ab-379ae2e4a63b\"}},\"dependsOn\":[],\"required\":true,\"autoPopulate\":false,\"useFullList\":true},\"Opportunity_Name\":{\"name\":\"Opportunity_Name\",\"options\":[],\"pixel\":\"Database ( database = [ \\\"7f2d920d-ddcd-4294-82ab-379ae2e4a63b\\\" ] ) | Select ( DEMO_TABLE__Opportunity_Name ) | Collect(-1);\",\"defaultValue\":\"\",\"dependsOn\":[],\"required\":true,\"autoPopulate\":false,\"valuePixel\":\"\",\"manualOptions\":\"\",\"useFullList\":true},\"DemoID2\":{\"name\":\"DemoID2\",\"options\":[],\"pixel\":\"Database( database=[\\\"7f2d920d-ddcd-4294-82ab-379ae2e4a63b\\\"] )|Select(DEMO_TABLE__DemoID).as([DemoID])| Filter(DEMO_TABLE__Opportunity_Name == [<Opportunity_Name>]) |Collect(-1);\",\"defaultValue\":\"\",\"dependsOn\":[\"Opportunity_Name\"],\"required\":true,\"autoPopulate\":false,\"valuePixel\":\"\",\"manualOptions\":\"\",\"useFullList\":true}},\"config\":{\"background\":{\"background-image\":\"\",\"background-size\":\"\",\"background-position\":\"\",\"background-color\":\"\",\"background-repeat\":\"\"}},\"id\":\"64851\"}}","viewOptionsMap":{"form-builder":{"json":{"html":"<h3 smss-form-model=\"Add a Note or Action Item to an Existing Demo\">{{item.model}}</h3>\n<div smss-form-model=\"Please use this form to add notes and action items on scheduled demos\" class=\"smss-text\">{{item.model}}</div>\n<hr>\n<div smss-form-model=\"Opportunity Name:\" class=\"smss-text\">{{item.model}}</div>\n<smss-dropdown model=\"form.dataModel.Opportunity_Name.selected\" options=\"form.dataModel.Opportunity_Name.options\" placeholder=\"Select One\">\n</smss-dropdown>\n<div smss-form-model=\"Unique ID of Demo (Table Lookup on Right):\" class=\"smss-text\">{{item.model}}</div>\n<smss-dropdown model=\"form.dataModel.DemoID2.selected\" options=\"form.dataModel.DemoID2.options\" placeholder=\"Select One\">\n</smss-dropdown>\n<div smss-form-model=\"Note or Action Item:\" class=\"smss-text\">{{item.model}}</div>\n<smss-textarea ng-model=\"form.dataModel.Note.selected\"></smss-textarea>\n<div smss-form-model=\"Status:\" class=\"smss-text\">{{item.model}}</div>\n<smss-dropdown model=\"form.dataModel.Status.selected\" options=\"form.dataModel.Status.options\" placeholder=\"Select One\">\n</smss-dropdown>\n<div smss-form-model=\"Submit\" class=\"form-builder__submit\" style=\"text-align: center;\"><smss-btn class=\"smss-btn--primary\" ng-click=\"form.runPixel(form.pixelModel.Insert.pixel)\">{{item.model}}</smss-btn></div>\n","js":[],"css":[],"pixel":{"Insert":{"name":"Insert","pixel":"date=DATE();Database(database=[\"7f2d920d-ddcd-4294-82ab-379ae2e4a63b\"]) | Insert(into=[DEMO_NOTES__DemoID, DEMO_NOTES__Note, DEMO_NOTES__Status, DEMO_NOTES__Date], values=[(<DemoID>), (<Note>), (<Status>),(date)]);"}},"data":{"DemoID":{"name":"DemoID","options":[],"pixel":"Database( database=[\"7f2d920d-ddcd-4294-82ab-379ae2e4a63b\"] )|Select(DEMO_TABLE__DemoID).as([DemoID])|Collect(-1);","defaultValue":"","config":{"table":"DEMO_NOTES","app":{"value":"7f2d920d-ddcd-4294-82ab-379ae2e4a63b"}},"dependsOn":["Opportunity_Name"],"required":true,"autoPopulate":false,"useFullList":true},"Note":{"name":"Note","options":[],"pixel":"Database( database=[\"7f2d920d-ddcd-4294-82ab-379ae2e4a63b\"] )|Select(DEMO_NOTES__Note).as([Note])|Collect(-1);","defaultValue":"","config":{"table":"DEMO_NOTES","app":{"value":"7f2d920d-ddcd-4294-82ab-379ae2e4a63b"}},"dependsOn":[],"required":true,"autoPopulate":false,"useFullList":true},"Status":{"name":"Status","options":[],"pixel":"","defaultValue":"Not Started","config":{"table":"DEMO_NOTES","app":{"value":"7f2d920d-ddcd-4294-82ab-379ae2e4a63b"}},"dependsOn":[],"required":true,"autoPopulate":false,"valuePixel":"","manualOptions":"Not Started,In Progress,Completed","useFullList":true},"DEMO_NOTES_UNIQUE_ROW_ID":{"name":"DEMO_NOTES_UNIQUE_ROW_ID","options":[],"pixel":"Database( database=[\"7f2d920d-ddcd-4294-82ab-379ae2e4a63b\"] )|Select(DEMO_NOTES__DEMO_NOTES_UNIQUE_ROW_ID).as([DEMO_NOTES_UNIQUE_ROW_ID])|Collect(-1);","defaultValue":"","config":{"table":"DEMO_NOTES","app":{"value":"7f2d920d-ddcd-4294-82ab-379ae2e4a63b"}},"dependsOn":[],"required":true,"autoPopulate":false,"useFullList":true},"Date":{"name":"Date","options":[],"pixel":"Database( database=[\"7f2d920d-ddcd-4294-82ab-379ae2e4a63b\"] )|Select(DEMO_NOTES__Date).as([Date])|Collect(-1);","defaultValue":"","config":{"table":"DEMO_NOTES","app":{"value":"7f2d920d-ddcd-4294-82ab-379ae2e4a63b"}},"dependsOn":[],"required":true,"autoPopulate":false,"useFullList":true},"Opportunity_Name":{"name":"Opportunity_Name","options":[],"pixel":"Database ( database = [ \"7f2d920d-ddcd-4294-82ab-379ae2e4a63b\" ] ) | Select ( DEMO_TABLE__Opportunity_Name ) | Collect(-1);","defaultValue":"","dependsOn":[],"required":true,"autoPopulate":false,"valuePixel":"","manualOptions":"","useFullList":true},"DemoID2":{"name":"DemoID2","options":[],"pixel":"Database( database=[\"7f2d920d-ddcd-4294-82ab-379ae2e4a63b\"] )|Select(DEMO_TABLE__DemoID).as([DemoID])| Filter(DEMO_TABLE__Opportunity_Name == [<Opportunity_Name>]) |Collect(-1);","defaultValue":"","dependsOn":["Opportunity_Name"],"required":true,"autoPopulate":false,"valuePixel":"","manualOptions":"","useFullList":true}},"config":{"background":{"background-image":"","background-size":"","background-position":"","background-color":"","background-repeat":""}},"id":"64851"}}},"config":{},"ornaments":{},"events":{},"comments":{},"position":{},"filters":[],"order":[],"cbv":[]},"operationType":["CACHED_PANEL"]}]}