{"engineId":"7f2d920d-ddcd-4294-82ab-379ae2e4a63b","engineName":"Demo Tracking","rdbmsId":"20719499-4f23-4ad2-a357-6112125532ff","varstore":{},"frames":[],"panels":[{"panelId":"0","panelLabel":null,"view":"form-builder","viewOptions":"{\"json\":{\"css\":[],\"data\":{\"Status\":{\"dependsOn\":[],\"autoPopulate\":false,\"defaultValue\":\"\",\"options\":[],\"name\":\"Status\",\"config\":{\"app\":{\"value\":\"Demo Tracking\"},\"table\":\"DEMO_NOTES\"},\"pixel\":\"Database( database=[\\\"Demo Tracking\\\"] )|Select(DEMO_NOTES__Status).as([Status])| Collect(-1);\",\"required\":true},\"DemoID\":{\"dependsOn\":[],\"autoPopulate\":false,\"defaultValue\":\"\",\"options\":[],\"name\":\"DemoID\",\"config\":{\"app\":{\"value\":\"Demo Tracking\"},\"table\":\"DEMO_NOTES\"},\"pixel\":\"Database( database=[\\\"Demo Tracking\\\"] )|Select(DEMO_NOTES__DemoID).as([DemoID])| Collect(-1);\",\"required\":true},\"Note\":{\"dependsOn\":[],\"autoPopulate\":false,\"defaultValue\":\"\",\"options\":[],\"name\":\"Note\",\"config\":{\"app\":{\"value\":\"Demo Tracking\"},\"table\":\"DEMO_NOTES\"},\"pixel\":\"Database( database=[\\\"Demo Tracking\\\"] )|Select(DEMO_NOTES__Note).as([Note])| Collect(-1);\",\"required\":true},\"Date\":{\"dependsOn\":[],\"autoPopulate\":false,\"defaultValue\":\"\",\"options\":[],\"name\":\"Date\",\"config\":{\"app\":{\"value\":\"Demo Tracking\"},\"table\":\"DEMO_NOTES\"},\"pixel\":\"\",\"required\":true}},\"js\":[],\"html\":\"<div smss-form-model=\\\"DemoID\\\">{{item.model}}</div>\\\\n <smss-input ng-model=\\\"item.selected\\\"></smss-input>\\\\n<div smss-form-model=\\\"Date\\\">{{item.model}}</div>\\\\n <smss-input ng-model=\\\"item.selected\\\"></smss-input>\\\\n<div class=\\\"smss-form-group__description\\\">Please enter a date (yyyy-mm-dd)</div>\\\\n<div smss-form-model=\\\"Note\\\">{{item.model}}</div>\\\\n <smss-input ng-model=\\\"item.selected\\\"></smss-input>\\\\n<div smss-form-model=\\\"Status\\\">{{item.model}}</div>\\\\n <smss-input ng-model=\\\"item.selected\\\"></smss-input>\\\\n<div smss-form-model=\\\"Submit\\\" class=\\\"form-builder__submit\\\"><smss-btn class=\\\"smss-btn--primary\\\" ng-click=\\\"form.runPixel(form.pixelModel.Insert.pixel)\\\">{{item.model}}</smss-btn></div>\\\\n\",\"pixel\":{\"Insert\":{\"name\":\"Insert\",\"pixel\":\"Database(database=[\\\"Demo Tracking\\\"]) | Insert (into=[DEMO_NOTES__DemoID,DEMO_NOTES__Date,DEMO_NOTES__Note,DEMO_NOTES__Status], values=[ (<DemoID>), (<Date>), (<Note>), (<Status>)]);\"}}}}","viewOptionsMap":{"form-builder":{"json":{"css":[],"data":{"Status":{"dependsOn":[],"autoPopulate":false,"defaultValue":"","options":[],"name":"Status","config":{"app":{"value":"Demo Tracking"},"table":"DEMO_NOTES"},"pixel":"Database( database=[\"Demo Tracking\"] )|Select(DEMO_NOTES__Status).as([Status])| Collect(-1);","required":true},"DemoID":{"dependsOn":[],"autoPopulate":false,"defaultValue":"","options":[],"name":"DemoID","config":{"app":{"value":"Demo Tracking"},"table":"DEMO_NOTES"},"pixel":"Database( database=[\"Demo Tracking\"] )|Select(DEMO_NOTES__DemoID).as([DemoID])| Collect(-1);","required":true},"Note":{"dependsOn":[],"autoPopulate":false,"defaultValue":"","options":[],"name":"Note","config":{"app":{"value":"Demo Tracking"},"table":"DEMO_NOTES"},"pixel":"Database( database=[\"Demo Tracking\"] )|Select(DEMO_NOTES__Note).as([Note])| Collect(-1);","required":true},"Date":{"dependsOn":[],"autoPopulate":false,"defaultValue":"","options":[],"name":"Date","config":{"app":{"value":"Demo Tracking"},"table":"DEMO_NOTES"},"pixel":"","required":true}},"js":[],"html":"<div smss-form-model=\"DemoID\">{{item.model}}</div>\\n <smss-input ng-model=\"item.selected\"></smss-input>\\n<div smss-form-model=\"Date\">{{item.model}}</div>\\n <smss-input ng-model=\"item.selected\"></smss-input>\\n<div class=\"smss-form-group__description\">Please enter a date (yyyy-mm-dd)</div>\\n<div smss-form-model=\"Note\">{{item.model}}</div>\\n <smss-input ng-model=\"item.selected\"></smss-input>\\n<div smss-form-model=\"Status\">{{item.model}}</div>\\n <smss-input ng-model=\"item.selected\"></smss-input>\\n<div smss-form-model=\"Submit\" class=\"form-builder__submit\"><smss-btn class=\"smss-btn--primary\" ng-click=\"form.runPixel(form.pixelModel.Insert.pixel)\">{{item.model}}</smss-btn></div>\\n","pixel":{"Insert":{"name":"Insert","pixel":"Database(database=[\"Demo Tracking\"]) | Insert (into=[DEMO_NOTES__DemoID,DEMO_NOTES__Date,DEMO_NOTES__Note,DEMO_NOTES__Status], values=[ (<DemoID>), (<Date>), (<Note>), (<Status>)]);"}}}}},"config":{},"ornaments":{},"events":{},"comments":{},"position":{},"filters":[],"order":[],"cbv":[]}],"tasks":{"tasks":[],"taskCounter":0},"recipe":["AddPanel ( 0 ) ;","Panel ( 0 ) | SetPanelView ( \"form-builder\" , \"<encode>{\"json\":{\"css\":[],\"data\":{\"Status\":{\"dependsOn\":[],\"autoPopulate\":false,\"defaultValue\":\"\",\"options\":[],\"name\":\"Status\",\"config\":{\"app\":{\"value\":\"Demo Tracking\"},\"table\":\"DEMO_NOTES\"},\"pixel\":\"Database( database=[\\\"Demo Tracking\\\"] )|Select(DEMO_NOTES__Status).as([Status])| Collect(-1);\",\"required\":true},\"DemoID\":{\"dependsOn\":[],\"autoPopulate\":false,\"defaultValue\":\"\",\"options\":[],\"name\":\"DemoID\",\"config\":{\"app\":{\"value\":\"Demo Tracking\"},\"table\":\"DEMO_NOTES\"},\"pixel\":\"Database( database=[\\\"Demo Tracking\\\"] )|Select(DEMO_NOTES__DemoID).as([DemoID])| Collect(-1);\",\"required\":true},\"Note\":{\"dependsOn\":[],\"autoPopulate\":false,\"defaultValue\":\"\",\"options\":[],\"name\":\"Note\",\"config\":{\"app\":{\"value\":\"Demo Tracking\"},\"table\":\"DEMO_NOTES\"},\"pixel\":\"Database( database=[\\\"Demo Tracking\\\"] )|Select(DEMO_NOTES__Note).as([Note])| Collect(-1);\",\"required\":true},\"Date\":{\"dependsOn\":[],\"autoPopulate\":false,\"defaultValue\":\"\",\"options\":[],\"name\":\"Date\",\"config\":{\"app\":{\"value\":\"Demo Tracking\"},\"table\":\"DEMO_NOTES\"},\"pixel\":\"\",\"required\":true}},\"js\":[],\"html\":\"<div smss-form-model=\\\"DemoID\\\">{{item.model}}</div>\\\\n <smss-input ng-model=\\\"item.selected\\\"></smss-input>\\\\n<div smss-form-model=\\\"Date\\\">{{item.model}}</div>\\\\n <smss-input ng-model=\\\"item.selected\\\"></smss-input>\\\\n<div class=\\\"smss-form-group__description\\\">Please enter a date (yyyy-mm-dd)</div>\\\\n<div smss-form-model=\\\"Note\\\">{{item.model}}</div>\\\\n <smss-input ng-model=\\\"item.selected\\\"></smss-input>\\\\n<div smss-form-model=\\\"Status\\\">{{item.model}}</div>\\\\n <smss-input ng-model=\\\"item.selected\\\"></smss-input>\\\\n<div smss-form-model=\\\"Submit\\\" class=\\\"form-builder__submit\\\"><smss-btn class=\\\"smss-btn--primary\\\" ng-click=\\\"form.runPixel(form.pixelModel.Insert.pixel)\\\">{{item.model}}</smss-btn></div>\\\\n\",\"pixel\":{\"Insert\":{\"name\":\"Insert\",\"pixel\":\"Database(database=[\\\"Demo Tracking\\\"]) | Insert (into=[DEMO_NOTES__DemoID,DEMO_NOTES__Date,DEMO_NOTES__Note,DEMO_NOTES__Status], values=[ (<DemoID>), (<Date>), (<Note>), (<Status>)]);\"}}}}</encode>\" ) ;"]}